Track,ID,DateTime,Side,Entry,SL,TP1,TP2,RiskPips,ExitReason,ExitPrice,ExitTime,PnlR,PnlUsd,Confluence
SUPREME,1,"2025-09-16T00:35:00.000Z",SELL,3690.69,3692.19,3688.44,3685.44,15,FULL_STOP_LOSS,3692.19,"2025-09-16T00:55:00.000Z",-1.01,-10.07,"4/4 (1H Displacement + 5M Bearish FVG + DXY Inverse + London/NY)"
SUPREME,2,"2025-09-16T12:15:00.000Z",BUY,3706.5,3704.34,3709.74,3714.06,22,FULL_STOP_LOSS,3704.34,"2025-09-16T12:20:00.000Z",-1.01,-10.07,"4/4 (1H Displacement + 5M Bullish FVG + DXY Inverse + London/NY)"
SUPREME,3,"2025-09-17T09:25:00.000Z",SELL,3680.37,3684.42,3674.29,3666.19,41,TP1_THEN_BREAKEVEN,3680.37,"2025-09-17T11:45:00.000Z",0.74,7.43,"4/4 (1H Displacement + 5M Bearish FVG + DXY Inverse + London/NY)"
SUPREME,4,"2025-09-17T18:05:00.000Z",BUY,3696.11,3691.61,3702.86,3711.86,45,TP1_THEN_BREAKEVEN,3696.11,"2025-09-17T18:15:00.000Z",0.74,7.43,"4/4 (1H Displacement + 5M Bullish FVG + DXY Inverse + London/NY)"
SUPREME,5,"2025-09-18T13:45:00.000Z",BUY,3641.47,3639.97,3643.72,3646.72,15,TP1_AND_TP2_HIT,3646.72,"2025-09-18T13:55:00.000Z",2.49,24.93,"4/4 (1H Displacement + 5M Bullish FVG + DXY Inverse + London/NY)"
SUPREME,6,"2025-09-19T14:00:00.000Z",SELL,3664.98,3666.48,3662.73,3659.73,15,TP1_AND_TP2_HIT,3659.73,"2025-09-19T14:15:00.000Z",2.49,24.93,"4/4 (1H Displacement + 5M Bearish FVG + DXY Inverse + London/NY)"
SUPREME,7,"2025-09-19T20:05:00.000Z",BUY,3683.48,3681.98,3685.73,3688.73,15,FULL_STOP_LOSS,3681.98,"2025-09-19T20:15:00.000Z",-1.01,-10.07,"4/4 (1H Displacement + 5M Bullish FVG + DXY Inverse + London/NY)"
SUPREME,8,"2025-09-20T10:45:00.000Z",BUY,3684.97,3683.47,3687.22,3690.22,15,TP1_AND_TP2_HIT,3690.22,"2025-09-20T13:05:00.000Z",2.49,24.93,"4/4 (1H Displacement + 5M Bullish FVG + DXY Inverse + London/NY)"
SUPREME,9,"2025-09-20T14:50:00.000Z",BUY,3687.59,3686.09,3689.84,3692.84,15,TP1_THEN_BREAKEVEN,3687.59,"2025-09-20T15:25:00.000Z",0.74,7.43,"4/4 (1H Displacement + 5M Bullish FVG + DXY Inverse + London/NY)"
SUPREME,10,"2025-09-20T21:30:00.000Z",BUY,3687.48,3684.51,3691.93,3697.87,30,FULL_STOP_LOSS,3684.51,"2025-09-21T01:55:00.000Z",-1.01,-10.07,"4/4 (1H Displacement + 5M Bullish FVG + DXY Inverse + London/NY)"
SUPREME,11,"2025-09-21T10:45:00.000Z",SELL,3684.54,3686.16,3682.11,3678.87,16,FULL_STOP_LOSS,3686.16,"2025-09-21T11:15:00.000Z",-1.01,-10.07,"4/4 (1H Displacement + 5M Bearish FVG + DXY Inverse + London/NY)"
SCALP,1,"2025-09-21T21:15:00.000Z",SELL,3690.06,3692.7,3687.75,3687.75,26,TP_EQUILIBRIUM,3687.75,"2025-09-21T22:05:00.000Z",1.19,5.93,"3/4 (Asian High Sweep + 1M Rejection + Mid TP)"
SUPREME,12,"2025-09-22T13:55:00.000Z",BUY,3726.91,3722.41,3733.66,3742.66,45,TP1_AND_TP2_HIT,3742.66,"2025-09-22T15:40:00.000Z",2.49,24.93,"4/4 (1H Displacement + 5M Bullish FVG + DXY Inverse + London/NY)"
SUPREME,13,"2025-09-23T17:30:00.000Z",SELL,3788.17,3792.67,3781.42,3772.42,45,TP1_AND_TP2_HIT,3772.42,"2025-09-23T18:55:00.000Z",2.49,24.93,"4/4 (1H Displacement + 5M Bearish FVG + DXY Inverse + London/NY)"
SUPREME,14,"2025-09-24T05:40:00.000Z",SELL,3787.49,3788.99,3785.24,3782.24,15,TP1_PARTIAL,3785.24,"2025-09-24T05:45:00.000Z",-1.01,-10.07,"4/4 (1H Displacement + 5M Bearish FVG + DXY Inverse + London/NY)"
SUPREME,15,"2025-09-24T12:05:00.000Z",SELL,3777.42,3778.92,3775.17,3772.17,15,TP1_THEN_BREAKEVEN,3777.42,"2025-09-24T12:15:00.000Z",0.74,7.43,"4/4 (1H Displacement + 5M Bearish FVG + DXY Inverse + London/NY)"
SUPREME,17,"2025-09-24T19:50:00.000Z",SELL,3740.7,3742.2,3738.45,3735.45,15,FULL_STOP_LOSS,3742.2,"2025-09-24T19:55:00.000Z",-1.01,-10.07,"4/4 (1H Displacement + 5M Bearish FVG + DXY Inverse + London/NY)"
SUPREME,16,"2025-09-25T00:10:00.000Z",SELL,3758.7,3761.07,3755.14,3750.4,24,TP1_AND_TP2_HIT,3750.4,"2025-09-25T01:05:00.000Z",2.49,24.93,"4/4 (1H Displacement + 5M Bearish FVG + DXY Inverse + London/NY)"
SUPREME,18,"2025-09-25T12:05:00.000Z",SELL,3761.47,3764.09,3757.54,3752.3,26,FULL_STOP_LOSS,3764.09,"2025-09-25T12:20:00.000Z",-1.01,-10.07,"4/4 (1H Displacement + 5M Bearish FVG + DXY Inverse + London/NY)"
SUPREME,19,"2025-09-26T11:40:00.000Z",SELL,3760.04,3761.54,3757.79,3754.79,15,TP1_THEN_BREAKEVEN,3760.04,"2025-09-26T12:10:00.000Z",0.74,7.43,"4/4 (1H Displacement + 5M Bearish FVG + DXY Inverse + London/NY)"
SUPREME,20,"2025-09-26T19:35:00.000Z",BUY,3781.34,3779.71,3783.79,3787.05,16,FULL_STOP_LOSS,3779.71,"2025-09-26T19:40:00.000Z",-1.01,-10.07,"4/4 (1H Displacement + 5M Bullish FVG + DXY Inverse + London/NY)"
SUPREME,21,"2025-09-27T10:00:00.000Z",BUY,3773.68,3772.18,3775.93,3778.93,15,TP1_AND_TP2_HIT,3778.93,"2025-09-27T10:30:00.000Z",2.49,24.93,"4/4 (1H Displacement + 5M Bullish FVG + DXY Inverse + London/NY)"
SUPREME,22,"2025-09-27T13:20:00.000Z",BUY,3778.39,3776.89,3780.64,3783.64,15,TP1_AND_TP2_HIT,3783.64,"2025-09-27T13:30:00.000Z",2.49,24.93,"4/4 (1H Displacement + 5M Bullish FVG + DXY Inverse + London/NY)"
SUPREME,23,"2025-09-28T01:50:00.000Z",SELL,3779.2,3781.69,3775.46,3770.48,25,SL_HIT,3781.69,"2025-09-28T01:50:00.000Z",-1.01,-10.07,"4/4 (1H Displacement + 5M Bearish FVG + DXY Inverse + London/NY)"
SUPREME,24,"2025-09-28T09:40:00.000Z",SELL,3778.61,3780.11,3776.36,3773.36,15,FULL_STOP_LOSS,3780.11,"2025-09-28T09:50:00.000Z",-1.01,-10.07,"4/4 (1H Displacement + 5M Bearish FVG + DXY Inverse + London/NY)"
SUPREME,25,"2025-09-28T13:30:00.000Z",BUY,3778.44,3776.91,3780.74,3783.8,15,FULL_STOP_LOSS,3776.91,"2025-09-28T13:35:00.000Z",-1.01,-10.07,"4/4 (1H Displacement + 5M Bullish FVG + DXY Inverse + London/NY)"
SUPREME,26,"2025-09-29T12:35:00.000Z",BUY,3824.78,3823.28,3827.03,3830.03,15,TP1_THEN_BREAKEVEN,3824.78,"2025-09-29T12:55:00.000Z",0.74,7.43,"4/4 (1H Displacement + 5M Bullish FVG + DXY Inverse + London/NY)"
SUPREME,28,"2025-10-01T12:05:00.000Z",SELL,3893.06,3897.56,3886.31,3877.31,45,FULL_STOP_LOSS,3897.56,"2025-10-01T12:15:00.000Z",-1.01,-10.07,"4/4 (1H Displacement + 5M Bearish FVG + DXY Inverse + London/NY)"
SUPREME,27,"2025-10-01T14:50:00.000Z",BUY,3876.47,3872.17,3882.92,3891.52,43,TP1_THEN_BREAKEVEN,3876.47,"2025-10-01T15:15:00.000Z",0.74,7.43,"4/4 (1H Displacement + 5M Bullish FVG + DXY Inverse + London/NY)"
SUPREME,29,"2025-10-01T22:05:00.000Z",SELL,3873.9,3878.4,3867.15,3858.15,45,TP1_AND_TP2_HIT,3858.15,"2025-10-02T00:35:00.000Z",2.49,24.93,"4/4 (1H Displacement + 5M Bearish FVG + DXY Inverse + London/NY)"
SUPREME,31,"2025-10-02T12:30:00.000Z",BUY,3885.77,3881.89,3891.59,3899.35,39,TP1_THEN_BREAKEVEN,3885.77,"2025-10-02T13:45:00.000Z",0.74,7.43,"4/4 (1H Displacement + 5M Bullish FVG + DXY Inverse + London/NY)"
SUPREME,30,"2025-10-02T14:20:00.000Z",BUY,3875.45,3872.3,3880.17,3886.47,31,FULL_STOP_LOSS,3872.3,"2025-10-02T14:25:00.000Z",-1.01,-10.07,"4/4 (1H Displacement + 5M Bullish FVG + DXY Inverse + London/NY)"
SUPREME,32,"2025-10-02T21:45:00.000Z",BUY,3852.74,3851.24,3854.99,3857.99,15,FULL_STOP_LOSS,3851.24,"2025-10-02T21:55:00.000Z",-1.01,-10.07,"4/4 (1H Displacement + 5M Bullish FVG + DXY Inverse + London/NY)"
SUPREME,33,"2025-10-03T11:20:00.000Z",BUY,3866.84,3864.17,3870.85,3876.19,27,FULL_STOP_LOSS,3864.17,"2025-10-03T11:30:00.000Z",-1.01,-10.07,"4/4 (1H Displacement + 5M Bullish FVG + DXY Inverse + London/NY)"
SUPREME,34,"2025-10-03T23:30:00.000Z",BUY,3877.56,3875.85,3880.13,3883.55,17,TP1_AND_TP2_HIT,3883.55,"2025-10-03T23:50:00.000Z",2.49,24.93,"4/4 (1H Displacement + 5M Bullish FVG + DXY Inverse + London/NY)"
SUPREME,35,"2025-10-05T03:35:00.000Z",BUY,3898.39,3893.89,3905.14,3914.14,45,SL_HIT,3893.89,"2025-10-05T03:35:00.000Z",-1.01,-10.07,"4/4 (1H Displacement + 5M Bullish FVG + DXY Inverse + London/NY)"
SUPREME,36,"2025-10-05T15:15:00.000Z",BUY,3896.12,3893.63,3899.85,3904.83,25,FULL_STOP_LOSS,3893.63,"2025-10-05T15:20:00.000Z",-1.01,-10.07,"4/4 (1H Displacement + 5M Bullish FVG + DXY Inverse + London/NY)"
SUPREME,37,"2025-10-05T20:50:00.000Z",SELL,3897.7,3899.2,3895.45,3892.45,15,TP1_AND_TP2_HIT,3892.45,"2025-10-05T21:50:00.000Z",2.49,24.93,"4/4 (1H Displacement + 5M Bearish FVG + DXY Inverse + London/NY)"
SUPREME,38,"2025-10-06T16:15:00.000Z",BUY,3959.96,3957.49,3963.67,3968.61,25,TP1_AND_TP2_HIT,3968.61,"2025-10-06T17:05:00.000Z",2.49,24.93,"4/4 (1H Displacement + 5M Bullish FVG + DXY Inverse + London/NY)"
SUPREME,39,"2025-10-06T20:20:00.000Z",BUY,3970.55,3968.84,3973.12,3976.54,17,FULL_STOP_LOSS,3968.84,"2025-10-06T20:30:00.000Z",-1.01,-10.07,"4/4 (1H Displacement + 5M Bullish FVG + DXY Inverse + London/NY)"
SUPREME,40,"2025-10-07T15:50:00.000Z",BUY,3983.3,3981.2,3986.45,3990.65,21,TP1_AND_TP2_HIT,3990.65,"2025-10-07T16:05:00.000Z",2.49,24.93,"4/4 (1H Displacement + 5M Bullish FVG + DXY Inverse + London/NY)"
SUPREME,41,"2025-10-08T09:05:00.000Z",BUY,4048,4045.21,4052.18,4057.76,28,FULL_STOP_LOSS,4045.21,"2025-10-08T09:30:00.000Z",-1.01,-10.07,"4/4 (1H Displacement + 5M Bullish FVG + DXY Inverse + London/NY)"
SUPREME,42,"2025-10-08T15:20:00.000Z",BUY,4059.77,4055.27,4066.52,4075.52,45,TP1_AND_TP2_HIT,4075.52,"2025-10-08T16:40:00.000Z",2.49,24.93,"4/4 (1H Displacement + 5M Bullish FVG + DXY Inverse + London/NY)"
SUPREME,43,"2025-10-08T19:05:00.000Z",SELL,4064.18,4065.68,4061.93,4058.93,15,TP1_AND_TP2_HIT,4058.93,"2025-10-08T19:15:00.000Z",2.49,24.93,"4/4 (1H Displacement + 5M Bearish FVG + DXY Inverse + London/NY)"
SUPREME,44,"2025-10-09T13:45:00.000Z",BUY,4049.51,4048.01,4051.76,4054.76,15,FULL_STOP_LOSS,4048.01,"2025-10-09T13:50:00.000Z",-1.01,-10.07,"4/4 (1H Displacement + 5M Bullish FVG + DXY Inverse + London/NY)"
SUPREME,45,"2025-10-10T14:10:00.000Z",BUY,3990.8,3986.3,3997.55,4006.55,45,TP1_THEN_BREAKEVEN,3990.8,"2025-10-10T14:45:00.000Z",0.74,7.43,"4/4 (1H Displacement + 5M Bullish FVG + DXY Inverse + London/NY)"
SUPREME,46,"2025-10-10T16:10:00.000Z",BUY,4000.49,3995.99,4007.24,4016.24,45,FULL_STOP_LOSS,3995.99,"2025-10-10T16:15:00.000Z",-1.01,-10.07,"4/4 (1H Displacement + 5M Bullish FVG + DXY Inverse + London/NY)"
SUPREME,47,"2025-10-10T21:20:00.000Z",BUY,3900.67,3899.17,3902.92,3905.92,15,FULL_STOP_LOSS,3899.17,"2025-10-10T21:25:00.000Z",-1.01,-10.07,"4/4 (1H Displacement + 5M Bullish FVG + DXY Inverse + London/NY)"
SUPREME,48,"2025-10-11T14:10:00.000Z",SELL,3992.81,3997.31,3986.06,3977.06,45,FULL_STOP_LOSS,3997.31,"2025-10-11T14:35:00.000Z",-1.01,-10.07,"4/4 (1H Displacement + 5M Bearish FVG + DXY Inverse + London/NY)"
SUPREME,49,"2025-10-12T10:00:00.000Z",BUY,4010.25,4008.64,4012.66,4015.89,16,TP1_THEN_BREAKEVEN,4010.25,"2025-10-12T10:25:00.000Z",0.74,7.43,"4/4 (1H Displacement + 5M Bullish FVG + DXY Inverse + London/NY)"
SUPREME,50,"2025-10-12T13:30:00.000Z",SELL,4012.68,4014.18,4010.43,4007.43,15,TP1_THEN_BREAKEVEN,4012.68,"2025-10-12T13:40:00.000Z",0.74,7.43,"4/4 (1H Displacement + 5M Bearish FVG + DXY Inverse + London/NY)"
SUPREME,51,"2025-10-12T22:15:00.000Z",SELL,4018.22,4019.72,4015.97,4012.97,15,FULL_STOP_LOSS,4019.72,"2025-10-12T22:20:00.000Z",-1.01,-10.07,"4/4 (1H Displacement + 5M Bearish FVG + DXY Inverse + London/NY)"
SUPREME,52,"2025-10-14T06:25:00.000Z",BUY,4110.81,4109.23,4113.18,4116.34,16,TP1_AND_TP2_HIT,4116.34,"2025-10-14T06:35:00.000Z",2.49,24.93,"4/4 (1H Displacement + 5M Bullish FVG + DXY Inverse + London/NY)"
SUPREME,53,"2025-10-14T13:45:00.000Z",SELL,4140.38,4143.71,4135.39,4128.73,33,TP1_AND_TP2_HIT,4128.73,"2025-10-14T13:55:00.000Z",2.49,24.93,"4/4 (1H Displacement + 5M Bearish FVG + DXY Inverse + London/NY)"
SUPREME,54,"2025-10-14T19:40:00.000Z",BUY,4153.45,4148.95,4160.2,4169.2,45,TP1_AND_TP2_HIT,4169.2,"2025-10-14T22:15:00.000Z",2.49,24.93,"4/4 (1H Displacement + 5M Bullish FVG + DXY Inverse + London/NY)"
SUPREME,55,"2025-10-15T09:20:00.000Z",BUY,4210.59,4209.09,4212.84,4215.84,15,FULL_STOP_LOSS,4209.09,"2025-10-15T09:25:00.000Z",-1.01,-10.07,"4/4 (1H Displacement + 5M Bullish FVG + DXY Inverse + London/NY)"
SUPREME,56,"2025-10-15T14:05:00.000Z",SELL,4219.48,4223.98,4212.73,4203.73,45,FULL_STOP_LOSS,4223.98,"2025-10-15T14:10:00.000Z",-1.01,-10.07,"4/4 (1H Displacement + 5M Bearish FVG + DXY Inverse + London/NY)"
SUPREME,57,"2025-10-15T18:10:00.000Z",SELL,4222.05,4225.09,4217.49,4211.41,30,FULL_STOP_LOSS,4225.09,"2025-10-15T18:15:00.000Z",-1.01,-10.07,"4/4 (1H Displacement + 5M Bearish FVG + DXY Inverse + London/NY)"
SUPREME,58,"2025-10-16T12:30:00.000Z",BUY,4255.23,4253.73,4257.48,4260.48,15,FULL_STOP_LOSS,4253.73,"2025-10-16T12:35:00.000Z",-1.01,-10.07,"4/4 (1H Displacement + 5M Bullish FVG + DXY Inverse + London/NY)"
SUPREME,59,"2025-10-17T01:45:00.000Z",BUY,4323.29,4318.79,4330.04,4339.04,45,TP1_THEN_BREAKEVEN,4323.29,"2025-10-17T01:55:00.000Z",0.74,7.43,"4/4 (1H Displacement + 5M Bullish FVG + DXY Inverse + London/NY)"
SUPREME,60,"2025-10-17T21:05:00.000Z",SELL,4264.99,4267.14,4261.76,4257.46,22,FULL_STOP_LOSS,4267.14,"2025-10-17T21:10:00.000Z",-1.01,-10.07,"4/4 (1H Displacement + 5M Bearish FVG + DXY Inverse + London/NY)"
SUPREME,62,"2025-10-18T13:50:00.000Z",SELL,4243.4,4245.44,4240.34,4236.26,20,FULL_STOP_LOSS,4245.44,"2025-10-18T13:55:00.000Z",-1.01,-10.07,"4/4 (1H Displacement + 5M Bearish FVG + DXY Inverse + London/NY)"
SUPREME,61,"2025-10-18T15:40:00.000Z",BUY,4236.17,4232.51,4241.66,4248.98,37,TP1_AND_TP2_HIT,4248.98,"2025-10-18T17:10:00.000Z",2.49,24.93,"4/4 (1H Displacement + 5M Bullish FVG + DXY Inverse + London/NY)"
SUPREME,64,"2025-10-18T20:45:00.000Z",BUY,4261.11,4258.18,4265.5,4271.36,29,FULL_STOP_LOSS,4258.18,"2025-10-18T20:50:00.000Z",-1.01,-10.07,"4/4 (1H Displacement + 5M Bullish FVG + DXY Inverse + London/NY)"
SUPREME,63,"2025-10-18T21:55:00.000Z",BUY,4241.43,4239.28,4244.66,4248.96,22,TP1_THEN_BREAKEVEN,4241.43,"2025-10-18T22:05:00.000Z",0.74,7.43,"4/4 (1H Displacement + 5M Bullish FVG + DXY Inverse + London/NY)"
SUPREME,65,"2025-10-19T11:25:00.000Z",BUY,4243.29,4241.24,4246.36,4250.47,21,TP1_THEN_BREAKEVEN,4243.29,"2025-10-19T11:40:00.000Z",0.74,7.43,"4/4 (1H Displacement + 5M Bullish FVG + DXY Inverse + London/NY)"
SUPREME,66,"2025-10-19T13:35:00.000Z",SELL,4242.95,4245.57,4239.02,4233.78,26,TP1_AND_TP2_HIT,4233.78,"2025-10-19T15:05:00.000Z",2.49,24.93,"4/4 (1H Displacement + 5M Bearish FVG + DXY Inverse + London/NY)"
SUPREME,67,"2025-10-19T16:20:00.000Z",SELL,4239.99,4242.02,4236.94,4232.88,20,FULL_STOP_LOSS,4242.02,"2025-10-19T16:25:00.000Z",-1.01,-10.07,"4/4 (1H Displacement + 5M Bearish FVG + DXY Inverse + London/NY)"
SUPREME,68,"2025-10-19T19:55:00.000Z",SELL,4239.28,4243.51,4232.93,4224.47,42,TP1_THEN_BREAKEVEN,4239.28,"2025-10-19T21:20:00.000Z",0.74,7.43,"4/4 (1H Displacement + 5M Bearish FVG + DXY Inverse + London/NY)"
SUPREME,69,"2025-10-21T05:10:00.000Z",BUY,4339.15,4337.65,4341.4,4344.4,15,FULL_STOP_LOSS,4337.65,"2025-10-21T05:15:00.000Z",-1.01,-10.07,"4/4 (1H Displacement + 5M Bullish FVG + DXY Inverse + London/NY)"
SUPREME,70,"2025-10-22T03:45:00.000Z",SELL,4143.62,4147.07,4138.44,4131.55,34,TP1_AND_TP2_HIT,4131.55,"2025-10-22T04:05:00.000Z",2.49,24.93,"4/4 (1H Displacement + 5M Bearish FVG + DXY Inverse + London/NY)"
SUPREME,71,"2025-10-22T13:40:00.000Z",SELL,4093.23,4094.73,4090.98,4087.98,15,TP1_AND_TP2_HIT,4087.98,"2025-10-22T13:50:00.000Z",2.49,24.93,"4/4 (1H Displacement + 5M Bearish FVG + DXY Inverse + London/NY)"
SUPREME,72,"2025-10-22T14:40:00.000Z",BUY,4045.99,4042.36,4051.43,4058.69,36,FULL_STOP_LOSS,4042.36,"2025-10-22T14:45:00.000Z",-1.01,-10.07,"4/4 (1H Displacement + 5M Bullish FVG + DXY Inverse + London/NY)"
SUPREME,75,"2025-10-23T18:15:00.000Z",SELL,4139.54,4143.69,4133.32,4125.02,41,FULL_STOP_LOSS,4143.69,"2025-10-23T18:25:00.000Z",-1.01,-10.07,"4/4 (1H Displacement + 5M Bearish FVG + DXY Inverse + London/NY)"
SUPREME,74,"2025-10-23T20:10:00.000Z",BUY,4113.21,4109.82,4118.3,4125.08,34,FULL_STOP_LOSS,4109.82,"2025-10-23T20:20:00.000Z",-1.01,-10.07,"4/4 (1H Displacement + 5M Bullish FVG + DXY Inverse + London/NY)"
SUPREME,73,"2025-10-23T20:35:00.000Z",BUY,4110.1,4105.6,4116.85,4125.85,45,TP1_AND_TP2_HIT,4125.85,"2025-10-23T21:10:00.000Z",2.49,24.93,"4/4 (1H Displacement + 5M Bullish FVG + DXY Inverse + London/NY)"
SUPREME,76,"2025-10-24T01:20:00.000Z",SELL,4134.78,4139.28,4128.03,4119.03,45,TP1_AND_TP2_HIT,4119.03,"2025-10-24T01:50:00.000Z",2.49,24.93,"4/4 (1H Displacement + 5M Bearish FVG + DXY Inverse + London/NY)"
SUPREME,77,"2025-10-24T12:35:00.000Z",SELL,4086.19,4089.8,4080.77,4073.55,36,TP1_THEN_BREAKEVEN,4086.19,"2025-10-24T13:00:00.000Z",0.74,7.43,"4/4 (1H Displacement + 5M Bearish FVG + DXY Inverse + London/NY)"
SUPREME,78,"2025-10-24T17:30:00.000Z",BUY,4113.05,4111.55,4115.3,4118.3,15,FULL_STOP_LOSS,4111.55,"2025-10-24T17:35:00.000Z",-1.01,-10.07,"4/4 (1H Displacement + 5M Bullish FVG + DXY Inverse + London/NY)"
SUPREME,79,"2025-10-25T19:30:00.000Z",SELL,4108.13,4109.63,4105.88,4102.88,15,FULL_STOP_LOSS,4109.63,"2025-10-25T21:10:00.000Z",-1.01,-10.07,"4/4 (1H Displacement + 5M Bearish FVG + DXY Inverse + London/NY)"
SCALP,2,"2025-10-25T19:30:00.000Z",BUY,4108.73,4105.5,4109.17,4109.17,32,TP_EQUILIBRIUM,4109.17,"2025-10-25T19:35:00.000Z",1.19,5.93,"3/4 (Asian Low Sweep + 1M Rejection + Mid TP)"
SUPREME,80,"2025-10-26T10:35:00.000Z",SELL,4103.36,4104.86,4101.11,4098.11,15,FULL_STOP_LOSS,4104.86,"2025-10-26T10:40:00.000Z",-1.01,-10.07,"4/4 (1H Displacement + 5M Bearish FVG + DXY Inverse + London/NY)"
SUPREME,81,"2025-10-26T17:50:00.000Z",SELL,4101.93,4103.43,4099.68,4096.68,15,TP1_AND_TP2_HIT,4096.68,"2025-10-26T18:25:00.000Z",2.49,24.93,"4/4 (1H Displacement + 5M Bearish FVG + DXY Inverse + London/NY)"
SUPREME,82,"2025-10-27T17:05:00.000Z",SELL,3995.43,3999.93,3988.68,3979.68,45,TP1_THEN_BREAKEVEN,3995.43,"2025-10-27T17:25:00.000Z",0.74,7.43,"4/4 (1H Displacement + 5M Bearish FVG + DXY Inverse + London/NY)"
SUPREME,83,"2025-10-28T10:55:00.000Z",SELL,3936.6,3940.45,3930.82,3923.13,38,TP1_AND_TP2_HIT,3923.13,"2025-10-28T11:10:00.000Z",2.49,24.93,"4/4 (1H Displacement + 5M Bearish FVG + DXY Inverse + London/NY)"
SUPREME,84,"2025-10-28T13:05:00.000Z",SELL,3934.36,3935.86,3932.11,3929.11,15,TP1_THEN_BREAKEVEN,3934.36,"2025-10-28T13:15:00.000Z",0.74,7.43,"4/4 (1H Displacement + 5M Bearish FVG + DXY Inverse + London/NY)"
SUPREME,85,"2025-10-29T00:00:00.000Z",SELL,3968.12,3972.01,3962.28,3954.5,39,FULL_STOP_LOSS,3972.01,"2025-10-29T00:05:00.000Z",-1.01,-10.07,"4/4 (1H Displacement + 5M Bearish FVG + DXY Inverse + London/NY)"
SUPREME,87,"2025-10-29T12:15:00.000Z",SELL,4028.62,4030.12,4026.37,4023.37,15,TP1_THEN_BREAKEVEN,4028.62,"2025-10-29T12:25:00.000Z",0.74,7.43,"4/4 (1H Displacement + 5M Bearish FVG + DXY Inverse + London/NY)"
SUPREME,86,"2025-10-29T18:05:00.000Z",BUY,3996.57,3992.07,4003.32,4012.32,45,FULL_STOP_LOSS,3992.07,"2025-10-29T18:10:00.000Z",-1.01,-10.07,"4/4 (1H Displacement + 5M Bullish FVG + DXY Inverse + London/NY)"
SUPREME,88,"2025-10-30T14:00:00.000Z",SELL,3993.76,3995.26,3991.51,3988.51,15,FULL_STOP_LOSS,3995.26,"2025-10-30T14:05:00.000Z",-1.01,-10.07,"4/4 (1H Displacement + 5M Bearish FVG + DXY Inverse + London/NY)"
SUPREME,89,"2025-10-30T18:05:00.000Z",BUY,3997.54,3996.04,3999.79,4002.79,15,TP1_AND_TP2_HIT,4002.79,"2025-10-30T18:15:00.000Z",2.49,24.93,"4/4 (1H Displacement + 5M Bullish FVG + DXY Inverse + London/NY)"
SUPREME,90,"2025-10-31T12:45:00.000Z",SELL,4025.82,4027.32,4023.57,4020.57,15,FULL_STOP_LOSS,4027.32,"2025-10-31T12:50:00.000Z",-1.01,-10.07,"4/4 (1H Displacement + 5M Bearish FVG + DXY Inverse + London/NY)"
SUPREME,91,"2025-10-31T16:10:00.000Z",BUY,3998.74,3997.24,4000.99,4003.99,15,FULL_STOP_LOSS,3997.24,"2025-10-31T16:15:00.000Z",-1.01,-10.07,"4/4 (1H Displacement + 5M Bullish FVG + DXY Inverse + London/NY)"
SUPREME,92,"2025-11-01T12:50:00.000Z",BUY,4004.28,4002.78,4006.53,4009.53,15,FULL_STOP_LOSS,4002.78,"2025-11-01T12:55:00.000Z",-1.01,-10.07,"4/4 (1H Displacement + 5M Bullish FVG + DXY Inverse + London/NY)"
SUPREME,93,"2025-11-01T16:05:00.000Z",SELL,4004.91,4007.98,4000.3,3994.16,31,FULL_STOP_LOSS,4007.98,"2025-11-01T17:20:00.000Z",-1.01,-10.07,"4/4 (1H Displacement + 5M Bearish FVG + DXY Inverse + London/NY)"
SUPREME,94,"2025-11-02T00:25:00.000Z",BUY,4006.1,4004.43,4008.61,4011.95,17,TP1_AND_TP2_HIT,4011.95,"2025-11-02T01:40:00.000Z",2.49,24.93,"4/4 (1H Displacement + 5M Bullish FVG + DXY Inverse + London/NY)"
SUPREME,95,"2025-11-02T12:15:00.000Z",SELL,4001.32,4002.82,3999.07,3996.07,15,TP1_THEN_BREAKEVEN,4001.32,"2025-11-02T12:25:00.000Z",0.74,7.43,"4/4 (1H Displacement + 5M Bearish FVG + DXY Inverse + London/NY)"
SUPREME,96,"2025-11-02T17:55:00.000Z",BUY,3999.19,3996.31,4003.51,4009.27,29,FULL_STOP_LOSS,3996.31,"2025-11-02T20:50:00.000Z",-1.01,-10.07,"4/4 (1H Displacement + 5M Bullish FVG + DXY Inverse + London/NY)"
SUPREME,97,"2025-11-02T20:25:00.000Z",BUY,3997.5,3996,3999.75,4002.75,15,FULL_STOP_LOSS,3996,"2025-11-02T20:55:00.000Z",-1.01,-10.07,"4/4 (1H Displacement + 5M Bullish FVG + DXY Inverse + London/NY)"
SUPREME,98,"2025-11-03T14:50:00.000Z",SELL,4016.09,4020.15,4010,4001.88,41,FULL_STOP_LOSS,4020.15,"2025-11-03T14:55:00.000Z",-1.01,-10.07,"4/4 (1H Displacement + 5M Bearish FVG + DXY Inverse + London/NY)"
SUPREME,99,"2025-11-03T16:20:00.000Z",BUY,3992.94,3991.44,3995.19,3998.19,15,FULL_STOP_LOSS,3991.44,"2025-11-03T16:25:00.000Z",-1.01,-10.07,"4/4 (1H Displacement + 5M Bullish FVG + DXY Inverse + London/NY)"
SUPREME,100,"2025-11-04T13:15:00.000Z",SELL,3986.19,3990.31,3980.01,3971.77,41,TP1_AND_TP2_HIT,3971.77,"2025-11-04T13:35:00.000Z",2.49,24.93,"4/4 (1H Displacement + 5M Bearish FVG + DXY Inverse + London/NY)"
SUPREME,101,"2025-11-05T03:10:00.000Z",SELL,3947.92,3952.42,3941.17,3932.17,45,FULL_STOP_LOSS,3952.42,"2025-11-05T03:35:00.000Z",-1.01,-10.07,"4/4 (1H Displacement + 5M Bearish FVG + DXY Inverse + London/NY)"
SUPREME,102,"2025-11-05T09:25:00.000Z",BUY,3961.1,3959.6,3963.35,3966.35,15,FULL_STOP_LOSS,3959.6,"2025-11-05T09:30:00.000Z",-1.01,-10.07,"4/4 (1H Displacement + 5M Bullish FVG + DXY Inverse + London/NY)"
SUPREME,103,"2025-11-05T15:05:00.000Z",BUY,3966.7,3962.2,3973.45,3982.45,45,TP1_AND_TP2_HIT,3982.45,"2025-11-05T16:45:00.000Z",2.49,24.93,"4/4 (1H Displacement + 5M Bullish FVG + DXY Inverse + London/NY)"
SUPREME,104,"2025-11-05T23:05:00.000Z",BUY,3968.9,3967.4,3971.15,3974.15,15,FULL_STOP_LOSS,3967.4,"2025-11-05T23:10:00.000Z",-1.01,-10.07,"4/4 (1H Displacement + 5M Bullish FVG + DXY Inverse + London/NY)"
SUPREME,106,"2025-11-06T12:40:00.000Z",BUY,4006.74,4003.87,4011.04,4016.78,29,FULL_STOP_LOSS,4003.87,"2025-11-06T12:50:00.000Z",-1.01,-10.07,"4/4 (1H Displacement + 5M Bullish FVG + DXY Inverse + London/NY)"
SUPREME,105,"2025-11-06T14:30:00.000Z",BUY,3987.29,3984.47,3991.52,3997.16,28,TP1_THEN_BREAKEVEN,3987.29,"2025-11-06T14:40:00.000Z",0.74,7.43,"4/4 (1H Displacement + 5M Bullish FVG + DXY Inverse + London/NY)"
SUPREME,107,"2025-11-08T17:15:00.000Z",SELL,3990.18,3992.98,3985.98,3980.38,28,TP1_THEN_BREAKEVEN,3990.18,"2025-11-08T21:25:00.000Z",0.74,7.43,"4/4 (1H Displacement + 5M Bearish FVG + DXY Inverse + London/NY)"
SUPREME,108,"2025-11-08T20:25:00.000Z",BUY,3986.44,3984.69,3989.07,3992.57,18,TP1_AND_TP2_HIT,3992.57,"2025-11-09T00:20:00.000Z",2.49,24.93,"4/4 (1H Displacement + 5M Bullish FVG + DXY Inverse + London/NY)"
SUPREME,109,"2025-11-09T10:00:00.000Z",SELL,3993.34,3996.69,3988.32,3981.62,33,FULL_STOP_LOSS,3996.69,"2025-11-09T14:30:00.000Z",-1.01,-10.07,"4/4 (1H Displacement + 5M Bearish FVG + DXY Inverse + London/NY)"
SUPREME,110,"2025-11-09T15:25:00.000Z",BUY,3993.35,3991.55,3996.05,3999.65,18,TP1_THEN_BREAKEVEN,3993.35,"2025-11-09T17:35:00.000Z",0.74,7.43,"4/4 (1H Displacement + 5M Bullish FVG + DXY Inverse + London/NY)"
SCALP,3,"2025-11-09T19:05:00.000Z",BUY,3993.66,3990.8,3994.91,3994.91,29,TP_EQUILIBRIUM,3994.91,"2025-11-09T19:15:00.000Z",1.19,5.93,"3/4 (Asian Low Sweep + 1M Rejection + Mid TP)"
SUPREME,111,"2025-11-10T09:15:00.000Z",BUY,4071.32,4069.82,4073.57,4076.57,15,TP1_AND_TP2_HIT,4076.57,"2025-11-10T09:30:00.000Z",2.49,24.93,"4/4 (1H Displacement + 5M Bullish FVG + DXY Inverse + London/NY)"
SUPREME,112,"2025-11-10T14:35:00.000Z",BUY,4075.53,4074.03,4077.78,4080.78,15,TP1_THEN_BREAKEVEN,4075.53,"2025-11-10T14:45:00.000Z",0.74,7.43,"4/4 (1H Displacement + 5M Bullish FVG + DXY Inverse + London/NY)"
SUPREME,113,"2025-11-10T17:55:00.000Z",SELL,4096.32,4098.45,4093.12,4088.86,21,FULL_STOP_LOSS,4098.45,"2025-11-10T18:00:00.000Z",-1.01,-10.07,"4/4 (1H Displacement + 5M Bearish FVG + DXY Inverse + London/NY)"
SUPREME,114,"2025-11-11T13:00:00.000Z",BUY,4123.98,4121.46,4127.76,4132.8,25,TP1_AND_TP2_HIT,4132.8,"2025-11-11T13:10:00.000Z",2.49,24.93,"4/4 (1H Displacement + 5M Bullish FVG + DXY Inverse + London/NY)"
SUPREME,115,"2025-11-11T19:00:00.000Z",SELL,4099.68,4101.18,4097.43,4094.43,15,FULL_STOP_LOSS,4101.18,"2025-11-11T19:05:00.000Z",-1.01,-10.07,"4/4 (1H Displacement + 5M Bearish FVG + DXY Inverse + London/NY)"
SUPREME,116,"2025-11-12T13:05:00.000Z",BUY,4121.17,4118.2,4125.63,4131.57,30,FULL_STOP_LOSS,4118.2,"2025-11-12T13:10:00.000Z",-1.01,-10.07,"4/4 (1H Displacement + 5M Bullish FVG + DXY Inverse + London/NY)"
SUPREME,117,"2025-11-12T20:50:00.000Z",BUY,4179.33,4174.83,4186.08,4195.08,45,FULL_STOP_LOSS,4174.83,"2025-11-12T21:10:00.000Z",-1.01,-10.07,"4/4 (1H Displacement + 5M Bullish FVG + DXY Inverse + London/NY)"
SUPREME,119,"2025-11-13T13:05:00.000Z",BUY,4223.45,4221.95,4225.7,4228.7,15,FULL_STOP_LOSS,4221.95,"2025-11-13T13:10:00.000Z",-1.01,-10.07,"4/4 (1H Displacement + 5M Bullish FVG + DXY Inverse + London/NY)"
SUPREME,118,"2025-11-13T14:30:00.000Z",BUY,4202.56,4199.5,4207.15,4213.27,31,TP1_THEN_BREAKEVEN,4202.56,"2025-11-13T14:40:00.000Z",0.74,7.43,"4/4 (1H Displacement + 5M Bullish FVG + DXY Inverse + London/NY)"
SUPREME,120,"2025-11-15T09:15:00.000Z",SELL,4078.85,4080.35,4076.6,4073.6,15,TP1_AND_TP2_HIT,4073.6,"2025-11-15T09:50:00.000Z",2.49,24.93,"4/4 (1H Displacement + 5M Bearish FVG + DXY Inverse + London/NY)"
SUPREME,121,"2025-11-15T12:25:00.000Z",SELL,4077.39,4078.89,4075.14,4072.14,15,FULL_STOP_LOSS,4078.89,"2025-11-15T13:15:00.000Z",-1.01,-10.07,"4/4 (1H Displacement + 5M Bearish FVG + DXY Inverse + London/NY)"
SUPREME,122,"2025-11-15T20:45:00.000Z",SELL,4090.46,4094.96,4083.71,4074.71,45,FULL_STOP_LOSS,4094.96,"2025-11-15T21:00:00.000Z",-1.01,-10.07,"4/4 (1H Displacement + 5M Bearish FVG + DXY Inverse + London/NY)"
SUPREME,123,"2025-11-16T11:15:00.000Z",BUY,4096.16,4094.66,4098.41,4101.41,15,TP1_AND_TP2_HIT,4101.41,"2025-11-16T11:35:00.000Z",2.49,24.93,"4/4 (1H Displacement + 5M Bullish FVG + DXY Inverse + London/NY)"
SUPREME,124,"2025-11-16T15:05:00.000Z",BUY,4101.46,4098.48,4105.93,4111.89,30,FULL_STOP_LOSS,4098.48,"2025-11-16T15:20:00.000Z",-1.01,-10.07,"4/4 (1H Displacement + 5M Bullish FVG + DXY Inverse + London/NY)"
SUPREME,125,"2025-11-17T13:10:00.000Z",SELL,4068.02,4072.52,4061.27,4052.27,45,FULL_STOP_LOSS,4072.52,"2025-11-17T13:20:00.000Z",-1.01,-10.07,"4/4 (1H Displacement + 5M Bearish FVG + DXY Inverse + London/NY)"
SUPREME,126,"2025-11-17T14:40:00.000Z",SELL,4062.48,4066.98,4055.73,4046.73,45,FULL_STOP_LOSS,4066.98,"2025-11-17T14:50:00.000Z",-1.01,-10.07,"4/4 (1H Displacement + 5M Bearish FVG + DXY Inverse + London/NY)"
SUPREME,127,"2025-11-18T12:00:00.000Z",BUY,4030.69,4026.72,4036.65,4044.59,40,FULL_STOP_LOSS,4026.72,"2025-11-18T12:25:00.000Z",-1.01,-10.07,"4/4 (1H Displacement + 5M Bullish FVG + DXY Inverse + London/NY)"
SUPREME,128,"2025-11-18T16:20:00.000Z",SELL,4052.98,4054.5,4050.7,4047.66,15,FULL_STOP_LOSS,4054.5,"2025-11-18T16:25:00.000Z",-1.01,-10.07,"4/4 (1H Displacement + 5M Bearish FVG + DXY Inverse + London/NY)"
SUPREME,129,"2025-11-18T21:35:00.000Z",BUY,4058.84,4057.12,4061.42,4064.86,17,FULL_STOP_LOSS,4057.12,"2025-11-18T21:40:00.000Z",-1.01,-10.07,"4/4 (1H Displacement + 5M Bullish FVG + DXY Inverse + London/NY)"
SUPREME,130,"2025-11-19T09:15:00.000Z",SELL,4081.39,4085.74,4074.86,4066.16,43,FULL_STOP_LOSS,4085.74,"2025-11-19T09:40:00.000Z",-1.01,-10.07,"4/4 (1H Displacement + 5M Bearish FVG + DXY Inverse + London/NY)"
SUPREME,131,"2025-11-19T13:10:00.000Z",BUY,4103.36,4101.86,4105.61,4108.61,15,FULL_STOP_LOSS,4101.86,"2025-11-19T13:15:00.000Z",-1.01,-10.07,"4/4 (1H Displacement + 5M Bullish FVG + DXY Inverse + London/NY)"
SUPREME,132,"2025-11-20T00:25:00.000Z",SELL,4102.68,4106.93,4096.31,4087.81,43,TP1_AND_TP2_HIT,4087.81,"2025-11-20T01:20:00.000Z",2.49,24.93,"4/4 (1H Displacement + 5M Bearish FVG + DXY Inverse + London/NY)"
SUPREME,133,"2025-11-20T11:20:00.000Z",BUY,4049.03,4044.53,4055.78,4064.78,45,TP1_AND_TP2_HIT,4064.78,"2025-11-20T12:10:00.000Z",2.49,24.93,"4/4 (1H Displacement + 5M Bullish FVG + DXY Inverse + London/NY)"
SUPREME,134,"2025-11-20T16:45:00.000Z",BUY,4052.22,4049.5,4056.3,4061.74,27,TP1_THEN_BREAKEVEN,4052.22,"2025-11-20T16:55:00.000Z",0.74,7.43,"4/4 (1H Displacement + 5M Bullish FVG + DXY Inverse + London/NY)"
SUPREME,135,"2025-11-20T19:25:00.000Z",SELL,4074.03,4078.53,4067.28,4058.28,45,FULL_STOP_LOSS,4078.53,"2025-11-20T19:35:00.000Z",-1.01,-10.07,"4/4 (1H Displacement + 5M Bearish FVG + DXY Inverse + London/NY)"
SUPREME,136,"2025-11-21T02:55:00.000Z",BUY,4056.37,4053.28,4061,4067.18,31,FULL_STOP_LOSS,4053.28,"2025-11-21T03:00:00.000Z",-1.01,-10.07,"4/4 (1H Displacement + 5M Bullish FVG + DXY Inverse + London/NY)"
SUPREME,137,"2025-11-21T11:55:00.000Z",BUY,4026.01,4024.2,4028.73,4032.35,18,TP1_AND_TP2_HIT,4032.35,"2025-11-21T12:05:00.000Z",2.49,24.93,"4/4 (1H Displacement + 5M Bullish FVG + DXY Inverse + London/NY)"
SUPREME,138,"2025-11-22T11:10:00.000Z",SELL,4059.85,4061.35,4057.6,4054.6,15,FULL_STOP_LOSS,4061.35,"2025-11-22T11:25:00.000Z",-1.01,-10.07,"4/4 (1H Displacement + 5M Bearish FVG + DXY Inverse + London/NY)"
SUPREME,139,"2025-11-22T19:05:00.000Z",SELL,4060.05,4061.71,4057.56,4054.24,17,TP1_THEN_BREAKEVEN,4060.05,"2025-11-22T20:55:00.000Z",0.74,7.43,"4/4 (1H Displacement + 5M Bearish FVG + DXY Inverse + London/NY)"
SCALP,4,"2025-11-22T23:00:00.000Z",SELL,4061.51,4064.62,4059.83,4059.83,31,TP_EQUILIBRIUM,4059.83,"2025-11-22T23:05:00.000Z",1.19,5.93,"3/4 (Asian High Sweep + 1M Rejection + Mid TP)"
SUPREME,140,"2025-11-23T10:15:00.000Z",BUY,4055.85,4052.88,4060.3,4066.24,30,TP1_THEN_BREAKEVEN,4055.85,"2025-11-23T12:30:00.000Z",0.74,7.43,"4/4 (1H Displacement + 5M Bullish FVG + DXY Inverse + London/NY)"
SUPREME,142,"2025-11-23T20:10:00.000Z",SELL,4047.11,4049.03,4044.23,4040.39,19,FULL_STOP_LOSS,4049.03,"2025-11-23T20:40:00.000Z",-1.01,-10.07,"4/4 (1H Displacement + 5M Bearish FVG + DXY Inverse + London/NY)"
SUPREME,141,"2025-11-23T23:05:00.000Z",SELL,4056.56,4058.65,4053.42,4049.24,21,FULL_STOP_LOSS,4058.65,"2025-11-23T23:10:00.000Z",-1.01,-10.07,"4/4 (1H Displacement + 5M Bearish FVG + DXY Inverse + London/NY)"
SUPREME,144,"2025-11-25T13:10:00.000Z",SELL,4131.14,4132.92,4128.47,4124.91,18,FULL_STOP_LOSS,4132.92,"2025-11-25T13:15:00.000Z",-1.01,-10.07,"4/4 (1H Displacement + 5M Bearish FVG + DXY Inverse + London/NY)"
SUPREME,143,"2025-11-25T13:35:00.000Z",SELL,4137.83,4142.33,4131.08,4122.08,45,FULL_STOP_LOSS,4142.33,"2025-11-25T13:50:00.000Z",-1.01,-10.07,"4/4 (1H Displacement + 5M Bearish FVG + DXY Inverse + London/NY)"
SUPREME,145,"2025-11-25T19:30:00.000Z",BUY,4126.61,4122.11,4133.36,4142.36,45,TP1_THEN_BREAKEVEN,4126.61,"2025-11-25T21:00:00.000Z",0.74,7.43,"4/4 (1H Displacement + 5M Bullish FVG + DXY Inverse + London/NY)"
SUPREME,146,"2025-11-26T12:30:00.000Z",BUY,4160.89,4156.7,4167.18,4175.56,42,FULL_STOP_LOSS,4156.7,"2025-11-26T12:40:00.000Z",-1.01,-10.07,"4/4 (1H Displacement + 5M Bullish FVG + DXY Inverse + London/NY)"
SUPREME,147,"2025-11-26T15:50:00.000Z",SELL,4157.76,4161.96,4151.46,4143.06,42,FULL_STOP_LOSS,4161.96,"2025-11-26T15:55:00.000Z",-1.01,-10.07,"4/4 (1H Displacement + 5M Bearish FVG + DXY Inverse + London/NY)"
SUPREME,148,"2025-11-26T18:00:00.000Z",BUY,4162.28,4160.65,4164.73,4167.99,16,FULL_STOP_LOSS,4160.65,"2025-11-26T18:05:00.000Z",-1.01,-10.07,"4/4 (1H Displacement + 5M Bullish FVG + DXY Inverse + London/NY)"
SUPREME,149,"2025-11-27T09:10:00.000Z",BUY,4156.15,4153.93,4159.48,4163.92,22,FULL_STOP_LOSS,4153.93,"2025-11-27T09:15:00.000Z",-1.01,-10.07,"4/4 (1H Displacement + 5M Bullish FVG + DXY Inverse + London/NY)"
SUPREME,150,"2025-11-27T13:00:00.000Z",BUY,4153.71,4152.21,4155.96,4158.96,15,FULL_STOP_LOSS,4152.21,"2025-11-27T13:05:00.000Z",-1.01,-10.07,"4/4 (1H Displacement + 5M Bullish FVG + DXY Inverse + London/NY)"
SUPREME,151,"2025-11-28T14:15:00.000Z",SELL,4192.25,4193.75,4190,4187,15,FULL_STOP_LOSS,4193.75,"2025-11-28T14:20:00.000Z",-1.01,-10.07,"4/4 (1H Displacement + 5M Bearish FVG + DXY Inverse + London/NY)"
SUPREME,152,"2025-11-29T15:45:00.000Z",BUY,4243.95,4239.84,4250.11,4258.33,41,FULL_STOP_LOSS,4239.84,"2025-11-29T16:25:00.000Z",-1.01,-10.07,"4/4 (1H Displacement + 5M Bullish FVG + DXY Inverse + London/NY)"
SUPREME,153,"2025-11-29T19:10:00.000Z",SELL,4250.59,4252.09,4248.34,4245.34,15,TP1_AND_TP2_HIT,4245.34,"2025-11-29T19:45:00.000Z",2.49,24.93,"4/4 (1H Displacement + 5M Bearish FVG + DXY Inverse + London/NY)"
SUPREME,154,"2025-11-30T03:25:00.000Z",BUY,4241.91,4239.31,4245.81,4251.01,26,TP1_THEN_BREAKEVEN,4241.91,"2025-11-30T05:15:00.000Z",0.74,7.43,"4/4 (1H Displacement + 5M Bullish FVG + DXY Inverse + London/NY)"
SUPREME,155,"2025-11-30T14:55:00.000Z",SELL,4245.81,4247.31,4243.56,4240.56,15,TP1_THEN_BREAKEVEN,4245.81,"2025-11-30T15:15:00.000Z",0.74,7.43,"4/4 (1H Displacement + 5M Bearish FVG + DXY Inverse + London/NY)"
SUPREME,157,"2025-12-01T14:00:00.000Z",BUY,4266.68,4262.83,4272.46,4280.16,39,FULL_STOP_LOSS,4262.83,"2025-12-01T14:05:00.000Z",-1.01,-10.07,"4/4 (1H Displacement + 5M Bullish FVG + DXY Inverse + London/NY)"
SUPREME,156,"2025-12-01T14:40:00.000Z",BUY,4249.32,4247.82,4251.57,4254.57,15,FULL_STOP_LOSS,4247.82,"2025-12-01T14:45:00.000Z",-1.01,-10.07,"4/4 (1H Displacement + 5M Bullish FVG + DXY Inverse + London/NY)"
SUPREME,158,"2025-12-02T14:15:00.000Z",SELL,4228.7,4230.2,4226.45,4223.45,15,TP1_THEN_BREAKEVEN,4228.7,"2025-12-02T14:25:00.000Z",0.74,7.43,"4/4 (1H Displacement + 5M Bearish FVG + DXY Inverse + London/NY)"
SUPREME,160,"2025-12-02T15:10:00.000Z",BUY,4212.78,4210.66,4215.96,4220.2,21,FULL_STOP_LOSS,4210.66,"2025-12-02T15:15:00.000Z",-1.01,-10.07,"4/4 (1H Displacement + 5M Bullish FVG + DXY Inverse + London/NY)"
SUPREME,159,"2025-12-02T15:25:00.000Z",BUY,4195.41,4191.9,4200.68,4207.7,35,FULL_STOP_LOSS,4191.9,"2025-12-02T15:30:00.000Z",-1.01,-10.07,"4/4 (1H Displacement + 5M Bullish FVG + DXY Inverse + London/NY)"
SUPREME,161,"2025-12-03T11:30:00.000Z",SELL,4209.26,4210.8,4206.95,4203.87,15,FULL_STOP_LOSS,4210.8,"2025-12-03T11:55:00.000Z",-1.01,-10.07,"4/4 (1H Displacement + 5M Bearish FVG + DXY Inverse + London/NY)"
SUPREME,162,"2025-12-03T17:00:00.000Z",BUY,4210.91,4206.41,4217.66,4226.66,45,TP1_THEN_BREAKEVEN,4210.91,"2025-12-03T18:10:00.000Z",0.74,7.43,"4/4 (1H Displacement + 5M Bullish FVG + DXY Inverse + London/NY)"
SUPREME,163,"2025-12-04T13:10:00.000Z",BUY,4197.3,4195.19,4200.47,4204.69,21,FULL_STOP_LOSS,4195.19,"2025-12-04T13:15:00.000Z",-1.01,-10.07,"4/4 (1H Displacement + 5M Bullish FVG + DXY Inverse + London/NY)"
SUPREME,164,"2025-12-04T19:10:00.000Z",BUY,4208.23,4205.29,4212.64,4218.52,29,TP1_THEN_BREAKEVEN,4208.23,"2025-12-05T00:55:00.000Z",0.74,7.43,"4/4 (1H Displacement + 5M Bullish FVG + DXY Inverse + London/NY)"
SUPREME,165,"2025-12-05T04:10:00.000Z",SELL,4218.26,4219.92,4215.77,4212.45,17,FULL_STOP_LOSS,4219.92,"2025-12-05T04:15:00.000Z",-1.01,-10.07,"4/4 (1H Displacement + 5M Bearish FVG + DXY Inverse + London/NY)"
SUPREME,166,"2025-12-05T11:05:00.000Z",BUY,4231.68,4228.43,4236.56,4243.06,33,TP1_THEN_BREAKEVEN,4231.68,"2025-12-05T13:05:00.000Z",0.74,7.43,"4/4 (1H Displacement + 5M Bullish FVG + DXY Inverse + London/NY)"
SUPREME,167,"2025-12-05T16:10:00.000Z",BUY,4231.97,4230.47,4234.22,4237.22,15,FULL_STOP_LOSS,4230.47,"2025-12-05T16:15:00.000Z",-1.01,-10.07,"4/4 (1H Displacement + 5M Bullish FVG + DXY Inverse + London/NY)"
SUPREME,168,"2025-12-06T15:45:00.000Z",SELL,4212.67,4214.17,4210.42,4207.42,15,FULL_STOP_LOSS,4214.17,"2025-12-06T15:50:00.000Z",-1.01,-10.07,"4/4 (1H Displacement + 5M Bearish FVG + DXY Inverse + London/NY)"
SCALP,5,"2025-12-06T22:25:00.000Z",SELL,4213.24,4216.01,4211.88,4211.88,28,TP_EQUILIBRIUM,4211.88,"2025-12-07T01:30:00.000Z",1.19,5.93,"3/4 (Asian High Sweep + 1M Rejection + Mid TP)"
SUPREME,170,"2025-12-07T22:35:00.000Z",SELL,4207.66,4209.19,4205.36,4202.31,15,FULL_STOP_LOSS,4209.19,"2025-12-07T23:00:00.000Z",-1.01,-10.07,"4/4 (1H Displacement + 5M Bearish FVG + DXY Inverse + London/NY)"
SUPREME,169,"2025-12-07T23:30:00.000Z",SELL,4211.35,4212.85,4209.1,4206.1,15,FULL_STOP_LOSS,4212.85,"2025-12-07T23:50:00.000Z",-1.01,-10.07,"4/4 (1H Displacement + 5M Bearish FVG + DXY Inverse + London/NY)"
SUPREME,171,"2025-12-08T12:00:00.000Z",BUY,4217.94,4216.44,4220.19,4223.19,15,TP1_AND_TP2_HIT,4223.19,"2025-12-08T12:50:00.000Z",2.49,24.93,"4/4 (1H Displacement + 5M Bullish FVG + DXY Inverse + London/NY)"
SUPREME,172,"2025-12-08T20:40:00.000Z",SELL,4201.05,4202.55,4198.8,4195.8,15,FULL_STOP_LOSS,4202.55,"2025-12-08T20:45:00.000Z",-1.01,-10.07,"4/4 (1H Displacement + 5M Bearish FVG + DXY Inverse + London/NY)"
SUPREME,173,"2025-12-09T13:30:00.000Z",BUY,4208.17,4205.84,4211.66,4216.32,23,FULL_STOP_LOSS,4205.84,"2025-12-09T13:35:00.000Z",-1.01,-10.07,"4/4 (1H Displacement + 5M Bullish FVG + DXY Inverse + London/NY)"
SUPREME,174,"2025-12-10T12:05:00.000Z",SELL,4204.73,4206.23,4202.48,4199.48,15,FULL_STOP_LOSS,4206.23,"2025-12-10T12:10:00.000Z",-1.01,-10.07,"4/4 (1H Displacement + 5M Bearish FVG + DXY Inverse + London/NY)"
SUPREME,175,"2025-12-10T16:45:00.000Z",SELL,4208.91,4210.5,4206.52,4203.34,16,FULL_STOP_LOSS,4210.5,"2025-12-10T16:50:00.000Z",-1.01,-10.07,"4/4 (1H Displacement + 5M Bearish FVG + DXY Inverse + London/NY)"
SUPREME,176,"2025-12-11T09:05:00.000Z",BUY,4220.35,4218.85,4222.6,4225.6,15,FULL_STOP_LOSS,4218.85,"2025-12-11T09:10:00.000Z",-1.01,-10.07,"4/4 (1H Displacement + 5M Bullish FVG + DXY Inverse + London/NY)"
SUPREME,177,"2025-12-11T21:45:00.000Z",SELL,4289.07,4290.57,4286.82,4283.82,15,FULL_STOP_LOSS,4290.57,"2025-12-11T21:50:00.000Z",-1.01,-10.07,"4/4 (1H Displacement + 5M Bearish FVG + DXY Inverse + London/NY)"
SUPREME,180,"2025-12-12T15:20:00.000Z",BUY,4338.8,4337.3,4341.05,4344.05,15,FULL_STOP_LOSS,4337.3,"2025-12-12T15:25:00.000Z",-1.01,-10.07,"4/4 (1H Displacement + 5M Bullish FVG + DXY Inverse + London/NY)"
SUPREME,179,"2025-12-12T15:25:00.000Z",BUY,4323.08,4321.58,4325.33,4328.33,15,FULL_STOP_LOSS,4321.58,"2025-12-12T15:30:00.000Z",-1.01,-10.07,"4/4 (1H Displacement + 5M Bullish FVG + DXY Inverse + London/NY)"
SUPREME,178,"2025-12-12T16:00:00.000Z",BUY,4304.32,4299.82,4311.07,4320.07,45,FULL_STOP_LOSS,4299.82,"2025-12-12T16:05:00.000Z",-1.01,-10.07,"4/4 (1H Displacement + 5M Bullish FVG + DXY Inverse + London/NY)"
SCALP,6,"2025-12-14T08:40:00.000Z",SELL,4319.01,4321.36,4316.88,4316.88,23,SL_HIT,4321.36,"2025-12-14T09:50:00.000Z",-1.01,-5.07,"3/4 (Asian High Sweep + 1M Rejection + Mid TP)"
SUPREME,181,"2025-12-14T13:55:00.000Z",BUY,4320.59,4317.59,4325.09,4331.09,30,FULL_STOP_LOSS,4317.59,"2025-12-14T15:10:00.000Z",-1.01,-10.07,"4/4 (1H Displacement + 5M Bullish FVG + DXY Inverse + London/NY)"
SUPREME,182,"2025-12-15T10:35:00.000Z",BUY,4353.9,4352.4,4356.15,4359.15,15,FULL_STOP_LOSS,4352.4,"2025-12-15T10:40:00.000Z",-1.01,-10.07,"4/4 (1H Displacement + 5M Bullish FVG + DXY Inverse + London/NY)"
SUPREME,183,"2025-12-15T13:10:00.000Z",BUY,4351.03,4349.53,4353.28,4356.28,15,FULL_STOP_LOSS,4349.53,"2025-12-15T13:15:00.000Z",-1.01,-10.07,"4/4 (1H Displacement + 5M Bullish FVG + DXY Inverse + London/NY)"
SUPREME,184,"2025-12-16T12:10:00.000Z",SELL,4297.2,4298.7,4294.95,4291.95,15,FULL_STOP_LOSS,4298.7,"2025-12-16T12:15:00.000Z",-1.01,-10.07,"4/4 (1H Displacement + 5M Bearish FVG + DXY Inverse + London/NY)"
SUPREME,185,"2025-12-17T04:45:00.000Z",SELL,4340.99,4343.22,4337.64,4333.18,22,SL_HIT,4343.22,"2025-12-17T04:45:00.000Z",-1.01,-10.07,"4/4 (1H Displacement + 5M Bearish FVG + DXY Inverse + London/NY)"
SUPREME,186,"2025-12-17T11:10:00.000Z",SELL,4330.86,4333.7,4326.6,4320.92,28,FULL_STOP_LOSS,4333.7,"2025-12-17T12:15:00.000Z",-1.01,-10.07,"4/4 (1H Displacement + 5M Bearish FVG + DXY Inverse + London/NY)"
SUPREME,187,"2025-12-17T16:30:00.000Z",BUY,4337.55,4333.05,4344.3,4353.3,45,TP1_AND_TP2_HIT,4353.3,"2025-12-17T17:30:00.000Z",2.49,24.93,"4/4 (1H Displacement + 5M Bullish FVG + DXY Inverse + London/NY)"
SUPREME,189,"2025-12-18T12:30:00.000Z",BUY,4332.6,4331.1,4334.85,4337.85,15,TP1_THEN_BREAKEVEN,4332.6,"2025-12-18T13:05:00.000Z",0.74,7.43,"4/4 (1H Displacement + 5M Bullish FVG + DXY Inverse + London/NY)"
SUPREME,188,"2025-12-18T13:35:00.000Z",SELL,4342.19,4344.4,4338.88,4334.45,22,FULL_STOP_LOSS,4344.4,"2025-12-18T13:40:00.000Z",-1.01,-10.07,"4/4 (1H Displacement + 5M Bearish FVG + DXY Inverse + London/NY)"
SUPREME,190,"2025-12-18T17:10:00.000Z",BUY,4342.26,4340.76,4344.51,4347.51,15,FULL_STOP_LOSS,4340.76,"2025-12-18T17:15:00.000Z",-1.01,-10.07,"4/4 (1H Displacement + 5M Bullish FVG + DXY Inverse + London/NY)"
SUPREME,191,"2025-12-18T20:35:00.000Z",SELL,4347.96,4349.85,4345.13,4341.34,19,FULL_STOP_LOSS,4349.85,"2025-12-18T20:40:00.000Z",-1.01,-10.07,"4/4 (1H Displacement + 5M Bearish FVG + DXY Inverse + London/NY)"
SUPREME,192,"2025-12-19T13:10:00.000Z",SELL,4341.21,4342.71,4338.96,4335.96,15,FULL_STOP_LOSS,4342.71,"2025-12-19T13:15:00.000Z",-1.01,-10.07,"4/4 (1H Displacement + 5M Bearish FVG + DXY Inverse + London/NY)"
SUPREME,193,"2025-12-19T18:45:00.000Z",BUY,4357.62,4356.03,4360.01,4363.19,16,TP1_THEN_BREAKEVEN,4357.62,"2025-12-19T19:50:00.000Z",0.74,7.43,"4/4 (1H Displacement + 5M Bullish FVG + DXY Inverse + London/NY)"
SCALP,7,"2025-12-21T04:35:00.000Z",SELL,4353.76,4356.15,4353.13,4353.13,24,TP_EQUILIBRIUM,4353.13,"2025-12-21T05:55:00.000Z",1.19,5.93,"3/4 (Asian High Sweep + 1M Rejection + Mid TP)"
SUPREME,194,"2025-12-21T09:00:00.000Z",SELL,4355.12,4357.4,4351.7,4347.14,23,FULL_STOP_LOSS,4357.4,"2025-12-21T10:10:00.000Z",-1.01,-10.07,"4/4 (1H Displacement + 5M Bearish FVG + DXY Inverse + London/NY)"
SCALP,8,"2025-12-21T23:15:00.000Z",BUY,4359.9,4356.8,4361.22,4361.22,31,TP_EQUILIBRIUM,4361.22,"2025-12-21T23:20:00.000Z",1.19,5.93,"3/4 (Asian Low Sweep + 1M Rejection + Mid TP)"
SUPREME,195,"2025-12-22T10:05:00.000Z",SELL,4431.06,4432.56,4428.81,4425.81,15,FULL_STOP_LOSS,4432.56,"2025-12-22T10:10:00.000Z",-1.01,-10.07,"4/4 (1H Displacement + 5M Bearish FVG + DXY Inverse + London/NY)"
SUPREME,196,"2025-12-22T13:05:00.000Z",SELL,4432.49,4433.99,4430.24,4427.24,15,FULL_STOP_LOSS,4433.99,"2025-12-22T13:10:00.000Z",-1.01,-10.07,"4/4 (1H Displacement + 5M Bearish FVG + DXY Inverse + London/NY)"
SUPREME,197,"2025-12-22T15:20:00.000Z",BUY,4434.66,4431.19,4439.86,4446.81,35,TP1_AND_TP2_HIT,4446.81,"2025-12-22T15:45:00.000Z",2.49,24.93,"4/4 (1H Displacement + 5M Bullish FVG + DXY Inverse + London/NY)"
SUPREME,198,"2025-12-23T09:55:00.000Z",BUY,4504.69,4502.06,4508.63,4513.89,26,FULL_STOP_LOSS,4502.06,"2025-12-23T10:00:00.000Z",-1.01,-10.07,"4/4 (1H Displacement + 5M Bullish FVG + DXY Inverse + London/NY)"
SUPREME,199,"2025-12-23T12:20:00.000Z",BUY,4503.54,4502.04,4505.79,4508.79,15,TP1_AND_TP2_HIT,4508.79,"2025-12-23T13:05:00.000Z",2.49,24.93,"4/4 (1H Displacement + 5M Bullish FVG + DXY Inverse + London/NY)"
SUPREME,200,"2025-12-23T19:05:00.000Z",SELL,4509.9,4511.4,4507.65,4504.65,15,FULL_STOP_LOSS,4511.4,"2025-12-23T19:10:00.000Z",-1.01,-10.07,"4/4 (1H Displacement + 5M Bearish FVG + DXY Inverse + London/NY)"
SUPREME,201,"2025-12-24T03:05:00.000Z",BUY,4499.64,4495.14,4506.39,4515.39,45,TP1_AND_TP2_HIT,4515.39,"2025-12-24T03:30:00.000Z",2.49,24.93,"4/4 (1H Displacement + 5M Bullish FVG + DXY Inverse + London/NY)"
SUPREME,202,"2025-12-24T09:20:00.000Z",SELL,4504.95,4509.45,4498.2,4489.2,45,FULL_STOP_LOSS,4509.45,"2025-12-24T09:45:00.000Z",-1.01,-10.07,"4/4 (1H Displacement + 5M Bearish FVG + DXY Inverse + London/NY)"
SUPREME,203,"2025-12-24T13:10:00.000Z",BUY,4503.29,4501.79,4505.54,4508.54,15,FULL_STOP_LOSS,4501.79,"2025-12-24T13:15:00.000Z",-1.01,-10.07,"4/4 (1H Displacement + 5M Bullish FVG + DXY Inverse + London/NY)"
SUPREME,204,"2025-12-24T17:10:00.000Z",SELL,4501.3,4503.6,4497.85,4493.25,23,TP1_AND_TP2_HIT,4493.25,"2025-12-24T17:25:00.000Z",2.49,24.93,"4/4 (1H Displacement + 5M Bearish FVG + DXY Inverse + London/NY)"
SUPREME,205,"2025-12-25T13:25:00.000Z",SELL,4502.26,4503.76,4500.01,4497.01,15,FULL_STOP_LOSS,4503.76,"2025-12-25T14:55:00.000Z",-1.01,-10.07,"4/4 (1H Displacement + 5M Bearish FVG + DXY Inverse + London/NY)"
SUPREME,206,"2025-12-25T16:15:00.000Z",BUY,4501.51,4499.73,4504.18,4507.74,18,TP1_AND_TP2_HIT,4507.74,"2025-12-25T17:25:00.000Z",2.49,24.93,"4/4 (1H Displacement + 5M Bullish FVG + DXY Inverse + London/NY)"
SUPREME,207,"2025-12-26T13:20:00.000Z",SELL,4535.35,4538.45,4530.7,4524.5,31,FULL_STOP_LOSS,4538.45,"2025-12-26T13:25:00.000Z",-1.01,-10.07,"4/4 (1H Displacement + 5M Bearish FVG + DXY Inverse + London/NY)"
SUPREME,208,"2025-12-26T17:35:00.000Z",BUY,4540.37,4538.87,4542.62,4545.62,15,TP1_AND_TP2_HIT,4545.62,"2025-12-26T17:45:00.000Z",2.49,24.93,"4/4 (1H Displacement + 5M Bullish FVG + DXY Inverse + London/NY)"
SUPREME,209,"2025-12-27T13:00:00.000Z",BUY,4563,4559.95,4567.58,4573.68,31,TP1_AND_TP2_HIT,4573.68,"2025-12-27T18:25:00.000Z",2.49,24.93,"4/4 (1H Displacement + 5M Bullish FVG + DXY Inverse + London/NY)"
SUPREME,210,"2025-12-27T17:20:00.000Z",BUY,4564.8,4563.3,4567.05,4570.05,15,TP1_AND_TP2_HIT,4570.05,"2025-12-27T17:45:00.000Z",2.49,24.93,"4/4 (1H Displacement + 5M Bullish FVG + DXY Inverse + London/NY)"
SUPREME,211,"2025-12-27T22:05:00.000Z",BUY,4570.76,4567.7,4575.35,4581.47,31,FULL_STOP_LOSS,4567.7,"2025-12-28T02:05:00.000Z",-1.01,-10.07,"4/4 (1H Displacement + 5M Bullish FVG + DXY Inverse + London/NY)"
SUPREME,212,"2025-12-28T22:45:00.000Z",SELL,4561.5,4566,4554.75,4545.75,45,FULL_STOP_LOSS,4566,"2025-12-28T23:05:00.000Z",-1.01,-10.07,"4/4 (1H Displacement + 5M Bearish FVG + DXY Inverse + London/NY)"
SUPREME,213,"2025-12-29T13:05:00.000Z",SELL,4482.73,4485.35,4478.8,4473.56,26,FULL_STOP_LOSS,4485.35,"2025-12-29T13:10:00.000Z",-1.01,-10.07,"4/4 (1H Displacement + 5M Bearish FVG + DXY Inverse + London/NY)"
SUPREME,214,"2025-12-30T14:45:00.000Z",BUY,4389.39,4385.47,4395.27,4403.11,39,FULL_STOP_LOSS,4385.47,"2025-12-30T14:50:00.000Z",-1.01,-10.07,"4/4 (1H Displacement + 5M Bullish FVG + DXY Inverse + London/NY)"
SUPREME,215,"2025-12-31T09:45:00.000Z",SELL,4351.32,4352.82,4349.07,4346.07,15,TP1_AND_TP2_HIT,4346.07,"2025-12-31T09:55:00.000Z",2.49,24.93,"4/4 (1H Displacement + 5M Bearish FVG + DXY Inverse + London/NY)"
SUPREME,216,"2025-12-31T19:45:00.000Z",BUY,4330.88,4327.5,4335.95,4342.71,34,FULL_STOP_LOSS,4327.5,"2025-12-31T20:00:00.000Z",-1.01,-10.07,"4/4 (1H Displacement + 5M Bullish FVG + DXY Inverse + London/NY)"
SUPREME,217,"2026-01-01T13:15:00.000Z",SELL,4344.85,4347.29,4341.19,4336.31,24,TP1_THEN_BREAKEVEN,4344.85,"2026-01-01T14:05:00.000Z",0.74,7.43,"4/4 (1H Displacement + 5M Bearish FVG + DXY Inverse + London/NY)"
SUPREME,218,"2026-01-01T17:30:00.000Z",SELL,4344.5,4346,4342.25,4339.25,15,TP1_THEN_BREAKEVEN,4344.5,"2026-01-01T18:50:00.000Z",0.74,7.43,"4/4 (1H Displacement + 5M Bearish FVG + DXY Inverse + London/NY)"
SUPREME,220,"2026-01-02T13:15:00.000Z",SELL,4411.35,4412.85,4409.1,4406.1,15,TP1_AND_TP2_HIT,4406.1,"2026-01-02T13:25:00.000Z",2.49,24.93,"4/4 (1H Displacement + 5M Bearish FVG + DXY Inverse + London/NY)"
SUPREME,219,"2026-01-02T13:30:00.000Z",BUY,4390.19,4385.69,4396.94,4405.94,45,FULL_STOP_LOSS,4385.69,"2026-01-02T13:35:00.000Z",-1.01,-10.07,"4/4 (1H Displacement + 5M Bullish FVG + DXY Inverse + London/NY)"
SUPREME,221,"2026-01-02T21:00:00.000Z",SELL,4343.69,4345.19,4341.44,4338.44,15,TP1_THEN_BREAKEVEN,4343.69,"2026-01-02T21:50:00.000Z",0.74,7.43,"4/4 (1H Displacement + 5M Bearish FVG + DXY Inverse + London/NY)"
SUPREME,222,"2026-01-03T13:35:00.000Z",BUY,4369.42,4366.29,4374.11,4380.38,31,FULL_STOP_LOSS,4366.29,"2026-01-03T13:45:00.000Z",-1.01,-10.07,"4/4 (1H Displacement + 5M Bullish FVG + DXY Inverse + London/NY)"
SUPREME,223,"2026-01-03T16:05:00.000Z",SELL,4360.39,4362.75,4356.85,4352.13,24,FULL_STOP_LOSS,4362.75,"2026-01-03T16:15:00.000Z",-1.01,-10.07,"4/4 (1H Displacement + 5M Bearish FVG + DXY Inverse + London/NY)"
SUPREME,224,"2026-01-04T15:20:00.000Z",SELL,4355.69,4357.19,4353.44,4350.44,15,FULL_STOP_LOSS,4357.19,"2026-01-04T15:30:00.000Z",-1.01,-10.07,"4/4 (1H Displacement + 5M Bearish FVG + DXY Inverse + London/NY)"
SUPREME,225,"2026-01-04T22:50:00.000Z",BUY,4362.76,4359.64,4367.44,4373.68,31,TP1_AND_TP2_HIT,4373.68,"2026-01-04T23:05:00.000Z",2.49,24.93,"4/4 (1H Displacement + 5M Bullish FVG + DXY Inverse + London/NY)"
SUPREME,226,"2026-01-05T11:30:00.000Z",BUY,4428.87,4427.37,4431.12,4434.12,15,TP1_AND_TP2_HIT,4434.12,"2026-01-05T11:40:00.000Z",2.49,24.93,"4/4 (1H Displacement + 5M Bullish FVG + DXY Inverse + London/NY)"
SUPREME,227,"2026-01-05T14:50:00.000Z",SELL,4448.41,4449.91,4446.16,4443.16,15,FULL_STOP_LOSS,4449.91,"2026-01-05T14:55:00.000Z",-1.01,-10.07,"4/4 (1H Displacement + 5M Bearish FVG + DXY Inverse + London/NY)"
SUPREME,228,"2026-01-06T01:05:00.000Z",BUY,4436.82,4432.32,4443.57,4452.57,45,TP1_THEN_BREAKEVEN,4436.82,"2026-01-06T01:25:00.000Z",0.74,7.43,"4/4 (1H Displacement + 5M Bullish FVG + DXY Inverse + London/NY)"
SUPREME,229,"2026-01-06T13:20:00.000Z",SELL,4474.7,4476.23,4472.41,4469.35,15,TP1_AND_TP2_HIT,4469.35,"2026-01-06T13:30:00.000Z",2.49,24.93,"4/4 (1H Displacement + 5M Bearish FVG + DXY Inverse + London/NY)"
SUPREME,230,"2026-01-06T20:50:00.000Z",SELL,4506.45,4508.92,4502.74,4497.8,25,FULL_STOP_LOSS,4508.92,"2026-01-06T20:55:00.000Z",-1.01,-10.07,"4/4 (1H Displacement + 5M Bearish FVG + DXY Inverse + London/NY)"
SUPREME,231,"2026-01-07T16:35:00.000Z",SELL,4474.7,4476.2,4472.45,4469.45,15,FULL_STOP_LOSS,4476.2,"2026-01-07T16:40:00.000Z",-1.01,-10.07,"4/4 (1H Displacement + 5M Bearish FVG + DXY Inverse + London/NY)"
SUPREME,232,"2026-01-08T02:35:00.000Z",BUY,4452.4,4447.9,4459.15,4468.15,45,FULL_STOP_LOSS,4447.9,"2026-01-08T04:40:00.000Z",-1.01,-10.07,"4/4 (1H Displacement + 5M Bullish FVG + DXY Inverse + London/NY)"
SUPREME,233,"2026-01-08T14:50:00.000Z",SELL,4447.12,4448.62,4444.87,4441.87,15,TP1_AND_TP2_HIT,4441.87,"2026-01-08T15:00:00.000Z",2.49,24.93,"4/4 (1H Displacement + 5M Bearish FVG + DXY Inverse + London/NY)"
SUPREME,234,"2026-01-08T20:05:00.000Z",SELL,4466.75,4469.9,4462.03,4455.73,31,FULL_STOP_LOSS,4469.9,"2026-01-08T20:20:00.000Z",-1.01,-10.07,"4/4 (1H Displacement + 5M Bearish FVG + DXY Inverse + London/NY)"
SUPREME,235,"2026-01-09T09:15:00.000Z",SELL,4482.44,4484.41,4479.48,4475.54,20,FULL_STOP_LOSS,4484.41,"2026-01-09T09:20:00.000Z",-1.01,-10.07,"4/4 (1H Displacement + 5M Bearish FVG + DXY Inverse + London/NY)"
SUPREME,236,"2026-01-09T13:30:00.000Z",SELL,4479.67,4482.6,4475.27,4469.41,29,FULL_STOP_LOSS,4482.6,"2026-01-09T13:35:00.000Z",-1.01,-10.07,"4/4 (1H Displacement + 5M Bearish FVG + DXY Inverse + London/NY)"
SUPREME,237,"2026-01-09T17:15:00.000Z",BUY,4510.54,4506.04,4517.29,4526.29,45,FULL_STOP_LOSS,4506.04,"2026-01-09T17:20:00.000Z",-1.01,-10.07,"4/4 (1H Displacement + 5M Bullish FVG + DXY Inverse + London/NY)"
SUPREME,238,"2026-01-10T09:05:00.000Z",BUY,4515.99,4512.2,4521.67,4529.25,38,FULL_STOP_LOSS,4512.2,"2026-01-10T17:15:00.000Z",-1.01,-10.07,"4/4 (1H Displacement + 5M Bullish FVG + DXY Inverse + London/NY)"
SUPREME,239,"2026-01-10T22:40:00.000Z",SELL,4515.85,4518.63,4511.68,4506.12,28,FULL_STOP_LOSS,4518.63,"2026-01-10T23:15:00.000Z",-1.01,-10.07,"4/4 (1H Displacement + 5M Bearish FVG + DXY Inverse + London/NY)"
SUPREME,240,"2026-01-11T10:35:00.000Z",SELL,4522.17,4523.67,4519.92,4516.92,15,FULL_STOP_LOSS,4523.67,"2026-01-11T10:50:00.000Z",-1.01,-10.07,"4/4 (1H Displacement + 5M Bearish FVG + DXY Inverse + London/NY)"
SUPREME,241,"2026-01-11T22:25:00.000Z",SELL,4522.03,4523.53,4519.78,4516.78,15,FULL_STOP_LOSS,4523.53,"2026-01-11T22:50:00.000Z",-1.01,-10.07,"4/4 (1H Displacement + 5M Bearish FVG + DXY Inverse + London/NY)"
SUPREME,243,"2026-01-12T19:15:00.000Z",SELL,4625.44,4627.72,4622.02,4617.46,23,FULL_STOP_LOSS,4627.72,"2026-01-12T19:20:00.000Z",-1.01,-10.07,"4/4 (1H Displacement + 5M Bearish FVG + DXY Inverse + London/NY)"
SUPREME,242,"2026-01-12T20:45:00.000Z",BUY,4607.67,4606.17,4609.92,4612.92,15,TP1_THEN_BREAKEVEN,4607.67,"2026-01-12T20:55:00.000Z",0.74,7.43,"4/4 (1H Displacement + 5M Bullish FVG + DXY Inverse + London/NY)"
SUPREME,244,"2026-01-13T10:05:00.000Z",BUY,4598.02,4596.52,4600.27,4603.27,15,FULL_STOP_LOSS,4596.52,"2026-01-13T10:10:00.000Z",-1.01,-10.07,"4/4 (1H Displacement + 5M Bullish FVG + DXY Inverse + London/NY)"
SUPREME,245,"2026-01-13T16:30:00.000Z",BUY,4610.3,4606.82,4615.52,4622.48,35,TP1_AND_TP2_HIT,4622.48,"2026-01-13T17:00:00.000Z",2.49,24.93,"4/4 (1H Displacement + 5M Bullish FVG + DXY Inverse + London/NY)"
SUPREME,246,"2026-01-14T18:55:00.000Z",SELL,4640.5,4642,4638.25,4635.25,15,FULL_STOP_LOSS,4642,"2026-01-14T19:00:00.000Z",-1.01,-10.07,"4/4 (1H Displacement + 5M Bearish FVG + DXY Inverse + London/NY)"
SUPREME,247,"2026-01-15T13:30:00.000Z",BUY,4612.2,4610.7,4614.45,4617.45,15,FULL_STOP_LOSS,4610.7,"2026-01-15T13:35:00.000Z",-1.01,-10.07,"4/4 (1H Displacement + 5M Bullish FVG + DXY Inverse + London/NY)"
SUPREME,248,"2026-01-15T16:15:00.000Z",SELL,4628.48,4629.98,4626.23,4623.23,15,FULL_STOP_LOSS,4629.98,"2026-01-15T16:20:00.000Z",-1.01,-10.07,"4/4 (1H Displacement + 5M Bearish FVG + DXY Inverse + London/NY)"
SUPREME,249,"2026-01-15T17:10:00.000Z",SELL,4620.7,4625.2,4613.95,4604.95,45,FULL_STOP_LOSS,4625.2,"2026-01-15T17:15:00.000Z",-1.01,-10.07,"4/4 (1H Displacement + 5M Bearish FVG + DXY Inverse + London/NY)"
SUPREME,250,"2026-01-16T10:10:00.000Z",SELL,4614.24,4615.74,4611.99,4608.99,15,FULL_STOP_LOSS,4615.74,"2026-01-16T10:15:00.000Z",-1.01,-10.07,"4/4 (1H Displacement + 5M Bearish FVG + DXY Inverse + London/NY)"
SUPREME,251,"2026-01-16T15:20:00.000Z",BUY,4615.39,4613.89,4617.64,4620.64,15,FULL_STOP_LOSS,4613.89,"2026-01-16T15:25:00.000Z",-1.01,-10.07,"4/4 (1H Displacement + 5M Bullish FVG + DXY Inverse + London/NY)"
SUPREME,252,"2026-01-17T10:20:00.000Z",BUY,4612.17,4610.28,4615.01,4618.79,19,FULL_STOP_LOSS,4610.28,"2026-01-17T10:35:00.000Z",-1.01,-10.07,"4/4 (1H Displacement + 5M Bullish FVG + DXY Inverse + London/NY)"
SUPREME,253,"2026-01-17T15:00:00.000Z",SELL,4609.41,4613.19,4603.74,4596.18,38,TP1_THEN_BREAKEVEN,4609.41,"2026-01-17T21:15:00.000Z",0.74,7.43,"4/4 (1H Displacement + 5M Bearish FVG + DXY Inverse + London/NY)"
SUPREME,254,"2026-01-17T20:10:00.000Z",SELL,4608.14,4610.21,4605.04,4600.9,21,FULL_STOP_LOSS,4610.21,"2026-01-17T22:10:00.000Z",-1.01,-10.07,"4/4 (1H Displacement + 5M Bearish FVG + DXY Inverse + London/NY)"
SUPREME,255,"2026-01-18T09:00:00.000Z",SELL,4620.29,4622.6,4616.82,4612.2,23,TP1_THEN_BREAKEVEN,4620.29,"2026-01-18T10:50:00.000Z",0.74,7.43,"4/4 (1H Displacement + 5M Bearish FVG + DXY Inverse + London/NY)"
SUPREME,256,"2026-01-18T13:15:00.000Z",BUY,4622.35,4620.53,4625.08,4628.72,18,TP1_AND_TP2_HIT,4628.72,"2026-01-18T17:55:00.000Z",2.49,24.93,"4/4 (1H Displacement + 5M Bullish FVG + DXY Inverse + London/NY)"
SUPREME,257,"2026-01-18T22:40:00.000Z",BUY,4628.3,4626.8,4630.55,4633.55,15,TP1_AND_TP2_HIT,4633.55,"2026-01-18T23:00:00.000Z",2.49,24.93,"4/4 (1H Displacement + 5M Bullish FVG + DXY Inverse + London/NY)"
SUPREME,258,"2026-01-19T12:20:00.000Z",SELL,4680.27,4681.77,4678.02,4675.02,15,FULL_STOP_LOSS,4681.77,"2026-01-19T12:30:00.000Z",-1.01,-10.07,"4/4 (1H Displacement + 5M Bearish FVG + DXY Inverse + London/NY)"
SUPREME,260,"2026-01-19T21:10:00.000Z",SELL,4688.77,4690.93,4685.53,4681.21,22,FULL_STOP_LOSS,4690.93,"2026-01-19T21:30:00.000Z",-1.01,-10.07,"4/4 (1H Displacement + 5M Bearish FVG + DXY Inverse + London/NY)"
SUPREME,259,"2026-01-20T00:25:00.000Z",BUY,4679.55,4676.35,4684.35,4690.75,32,FULL_STOP_LOSS,4676.35,"2026-01-20T00:40:00.000Z",-1.01,-10.07,"4/4 (1H Displacement + 5M Bullish FVG + DXY Inverse + London/NY)"
SUPREME,261,"2026-01-20T13:25:00.000Z",BUY,4741.86,4738.05,4747.57,4755.19,38,FULL_STOP_LOSS,4738.05,"2026-01-20T13:30:00.000Z",-1.01,-10.07,"4/4 (1H Displacement + 5M Bullish FVG + DXY Inverse + London/NY)"
SUPREME,262,"2026-01-20T15:30:00.000Z",BUY,4749.5,4747,4753.25,4758.25,25,TP1_AND_TP2_HIT,4758.25,"2026-01-20T15:45:00.000Z",2.49,24.93,"4/4 (1H Displacement + 5M Bullish FVG + DXY Inverse + London/NY)"
SUPREME,263,"2026-01-21T14:05:00.000Z",BUY,4887.12,4885.62,4889.37,4892.37,15,FULL_STOP_LOSS,4885.62,"2026-01-21T14:10:00.000Z",-1.01,-10.07,"4/4 (1H Displacement + 5M Bullish FVG + DXY Inverse + London/NY)"
SUPREME,264,"2026-01-22T10:50:00.000Z",SELL,4845.84,4848.7,4841.55,4835.83,29,TP1_THEN_BREAKEVEN,4845.84,"2026-01-22T11:45:00.000Z",0.74,7.43,"4/4 (1H Displacement + 5M Bearish FVG + DXY Inverse + London/NY)"
SUPREME,265,"2026-01-23T14:50:00.000Z",SELL,4969.71,4973.01,4964.76,4958.16,33,TP1_THEN_BREAKEVEN,4969.71,"2026-01-23T15:05:00.000Z",0.74,7.43,"4/4 (1H Displacement + 5M Bearish FVG + DXY Inverse + London/NY)"
SUPREME,266,"2026-01-23T20:05:00.000Z",BUY,5000.68,4996.18,5007.43,5016.43,45,FULL_STOP_LOSS,4996.18,"2026-01-23T20:30:00.000Z",-1.01,-10.07,"4/4 (1H Displacement + 5M Bullish FVG + DXY Inverse + London/NY)"
SUPREME,268,"2026-01-25T13:00:00.000Z",BUY,5054.3,5052.8,5056.55,5059.55,15,FULL_STOP_LOSS,5052.8,"2026-01-25T13:10:00.000Z",-1.01,-10.07,"4/4 (1H Displacement + 5M Bullish FVG + DXY Inverse + London/NY)"
SUPREME,269,"2026-01-25T16:10:00.000Z",SELL,5068.97,5070.47,5066.72,5063.72,15,FULL_STOP_LOSS,5070.47,"2026-01-25T16:15:00.000Z",-1.01,-10.07,"4/4 (1H Displacement + 5M Bearish FVG + DXY Inverse + London/NY)"
SUPREME,267,"2026-01-25T17:30:00.000Z",SELL,5102.51,5105.04,5098.72,5093.66,25,FULL_STOP_LOSS,5105.04,"2026-01-25T17:35:00.000Z",-1.01,-10.07,"4/4 (1H Displacement + 5M Bearish FVG + DXY Inverse + London/NY)"
SUPREME,270,"2026-01-26T10:40:00.000Z",SELL,5121.14,5125.56,5114.51,5105.67,44,TP1_THEN_BREAKEVEN,5121.14,"2026-01-26T11:55:00.000Z",0.74,7.43,"4/4 (1H Displacement + 5M Bearish FVG + DXY Inverse + London/NY)"
SUPREME,271,"2026-01-27T07:40:00.000Z",SELL,5110.38,5114.88,5103.63,5094.63,45,SL_HIT,5114.88,"2026-01-27T07:40:00.000Z",-1.01,-10.07,"4/4 (1H Displacement + 5M Bearish FVG + DXY Inverse + London/NY)"
SUPREME,272,"2026-01-27T19:10:00.000Z",BUY,5100.99,5098.3,5105.02,5110.4,27,TP1_AND_TP2_HIT,5110.4,"2026-01-27T19:40:00.000Z",2.49,24.93,"4/4 (1H Displacement + 5M Bullish FVG + DXY Inverse + London/NY)"
SUPREME,273,"2026-01-28T15:05:00.000Z",SELL,5315.42,5317.11,5312.89,5309.51,17,TP1_AND_TP2_HIT,5309.51,"2026-01-28T15:15:00.000Z",2.49,24.93,"4/4 (1H Displacement + 5M Bearish FVG + DXY Inverse + London/NY)"
SUPREME,274,"2026-01-29T20:05:00.000Z",BUY,5336.34,5331.84,5343.09,5352.09,45,TP1_THEN_BREAKEVEN,5336.34,"2026-01-29T20:15:00.000Z",0.74,7.43,"4/4 (1H Displacement + 5M Bullish FVG + DXY Inverse + London/NY)"
SUPREME,275,"2026-01-30T12:00:00.000Z",SELL,5172.86,5177.36,5166.11,5157.11,45,TP1_AND_TP2_HIT,5157.11,"2026-01-30T12:15:00.000Z",2.49,24.93,"4/4 (1H Displacement + 5M Bearish FVG + DXY Inverse + London/NY)"
SUPREME,276,"2026-01-31T12:30:00.000Z",SELL,4939.25,4940.75,4937,4934,15,TP1_THEN_BREAKEVEN,4939.25,"2026-01-31T12:45:00.000Z",0.74,7.43,"4/4 (1H Displacement + 5M Bearish FVG + DXY Inverse + London/NY)"
SUPREME,277,"2026-02-01T13:20:00.000Z",SELL,4863.85,4868.35,4857.1,4848.1,45,TP1_AND_TP2_HIT,4848.1,"2026-02-01T13:40:00.000Z",2.49,24.93,"4/4 (1H Displacement + 5M Bearish FVG + DXY Inverse + London/NY)"
SUPREME,279,"2026-02-01T21:05:00.000Z",BUY,4817.93,4815.79,4821.14,4825.42,21,FULL_STOP_LOSS,4815.79,"2026-02-01T21:10:00.000Z",-1.01,-10.07,"4/4 (1H Displacement + 5M Bullish FVG + DXY Inverse + London/NY)"
SUPREME,278,"2026-02-01T23:05:00.000Z",SELL,4831.56,4836.06,4824.81,4815.81,45,TP1_AND_TP2_HIT,4815.81,"2026-02-01T23:15:00.000Z",2.49,24.93,"4/4 (1H Displacement + 5M Bearish FVG + DXY Inverse + London/NY)"
SUPREME,281,"2026-02-02T13:40:00.000Z",BUY,4730.25,4728.75,4732.5,4735.5,15,FULL_STOP_LOSS,4728.75,"2026-02-02T13:45:00.000Z",-1.01,-10.07,"4/4 (1H Displacement + 5M Bullish FVG + DXY Inverse + London/NY)"
SUPREME,280,"2026-02-02T16:05:00.000Z",BUY,4676.24,4671.74,4682.99,4691.99,45,TP1_AND_TP2_HIT,4691.99,"2026-02-02T16:15:00.000Z",2.49,24.93,"4/4 (1H Displacement + 5M Bullish FVG + DXY Inverse + London/NY)"
SUPREME,282,"2026-02-02T16:25:00.000Z",SELL,4721.24,4725.74,4714.49,4705.49,45,TP1_AND_TP2_HIT,4705.49,"2026-02-02T16:35:00.000Z",2.49,24.93,"4/4 (1H Displacement + 5M Bearish FVG + DXY Inverse + London/NY)"
SUPREME,283,"2026-02-02T19:45:00.000Z",SELL,4717.18,4721.68,4710.43,4701.43,45,FULL_STOP_LOSS,4721.68,"2026-02-02T19:50:00.000Z",-1.01,-10.07,"4/4 (1H Displacement + 5M Bearish FVG + DXY Inverse + London/NY)"
SUPREME,284,"2026-02-03T12:05:00.000Z",SELL,4958.15,4959.65,4955.9,4952.9,15,TP1_AND_TP2_HIT,4952.9,"2026-02-03T12:15:00.000Z",2.49,24.93,"4/4 (1H Displacement + 5M Bearish FVG + DXY Inverse + London/NY)"
SUPREME,285,"2026-02-03T17:15:00.000Z",BUY,4963.51,4959.01,4970.26,4979.26,45,TP1_AND_TP2_HIT,4979.26,"2026-02-03T17:30:00.000Z",2.49,24.93,"4/4 (1H Displacement + 5M Bullish FVG + DXY Inverse + London/NY)"
SUPREME,286,"2026-02-05T13:35:00.000Z",SELL,4878,4882.5,4871.25,4862.25,45,TP1_AND_TP2_HIT,4862.25,"2026-02-05T13:45:00.000Z",2.49,24.93,"4/4 (1H Displacement + 5M Bearish FVG + DXY Inverse + London/NY)"
SUPREME,287,"2026-02-05T16:05:00.000Z",SELL,4830.27,4834.77,4823.52,4814.52,45,FULL_STOP_LOSS,4834.77,"2026-02-05T16:10:00.000Z",-1.01,-10.07,"4/4 (1H Displacement + 5M Bearish FVG + DXY Inverse + London/NY)"
SUPREME,288,"2026-02-06T05:40:00.000Z",SELL,4857.76,4862.26,4851.01,4842.01,45,FULL_STOP_LOSS,4862.26,"2026-02-06T05:45:00.000Z",-1.01,-10.07,"4/4 (1H Displacement + 5M Bearish FVG + DXY Inverse + London/NY)"
SUPREME,289,"2026-02-06T09:05:00.000Z",BUY,4856.96,4852.65,4863.43,4872.05,43,FULL_STOP_LOSS,4852.65,"2026-02-06T09:10:00.000Z",-1.01,-10.07,"4/4 (1H Displacement + 5M Bullish FVG + DXY Inverse + London/NY)"
SUPREME,290,"2026-02-07T13:05:00.000Z",BUY,4956.95,4954.47,4960.67,4965.63,25,TP1_THEN_BREAKEVEN,4956.95,"2026-02-07T14:35:00.000Z",0.74,7.43,"4/4 (1H Displacement + 5M Bullish FVG + DXY Inverse + London/NY)"
SUPREME,292,"2026-02-08T15:10:00.000Z",SELL,5007.78,5009.28,5005.53,5002.53,15,TP1_THEN_BREAKEVEN,5007.78,"2026-02-08T15:20:00.000Z",0.74,7.43,"4/4 (1H Displacement + 5M Bearish FVG + DXY Inverse + London/NY)"
SUPREME,291,"2026-02-08T19:35:00.000Z",SELL,5012.25,5016.73,5005.53,4996.57,45,FULL_STOP_LOSS,5016.73,"2026-02-08T20:00:00.000Z",-1.01,-10.07,"4/4 (1H Displacement + 5M Bearish FVG + DXY Inverse + London/NY)"
SUPREME,293,"2026-02-08T23:05:00.000Z",BUY,5009.75,5005.25,5016.5,5025.5,45,FULL_STOP_LOSS,5005.25,"2026-02-08T23:10:00.000Z",-1.01,-10.07,"4/4 (1H Displacement + 5M Bullish FVG + DXY Inverse + London/NY)"
SUPREME,295,"2026-02-09T18:00:00.000Z",BUY,5058.39,5053.89,5065.14,5074.14,45,TP1_AND_TP2_HIT,5074.14,"2026-02-09T18:55:00.000Z",2.49,24.93,"4/4 (1H Displacement + 5M Bullish FVG + DXY Inverse + London/NY)"
SUPREME,296,"2026-02-09T21:30:00.000Z",BUY,5067.45,5065.95,5069.7,5072.7,15,FULL_STOP_LOSS,5065.95,"2026-02-09T21:35:00.000Z",-1.01,-10.07,"4/4 (1H Displacement + 5M Bullish FVG + DXY Inverse + London/NY)"
SUPREME,294,"2026-02-09T23:15:00.000Z",BUY,5019.45,5014.95,5026.2,5035.2,45,FULL_STOP_LOSS,5014.95,"2026-02-09T23:20:00.000Z",-1.01,-10.07,"4/4 (1H Displacement + 5M Bullish FVG + DXY Inverse + London/NY)"
SUPREME,297,"2026-02-10T12:50:00.000Z",BUY,5031.59,5027.94,5037.07,5044.37,37,TP1_AND_TP2_HIT,5044.37,"2026-02-10T13:10:00.000Z",2.49,24.93,"4/4 (1H Displacement + 5M Bullish FVG + DXY Inverse + London/NY)"
SUPREME,298,"2026-02-10T13:35:00.000Z",SELL,5056.9,5058.4,5054.65,5051.65,15,FULL_STOP_LOSS,5058.4,"2026-02-10T13:45:00.000Z",-1.01,-10.07,"4/4 (1H Displacement + 5M Bearish FVG + DXY Inverse + London/NY)"
SUPREME,299,"2026-02-10T20:20:00.000Z",SELL,5037.04,5038.54,5034.79,5031.79,15,TP1_THEN_BREAKEVEN,5037.04,"2026-02-10T20:40:00.000Z",0.74,7.43,"4/4 (1H Displacement + 5M Bearish FVG + DXY Inverse + London/NY)"
SUPREME,300,"2026-02-11T13:35:00.000Z",BUY,5059.67,5055.17,5066.42,5075.42,45,TP1_AND_TP2_HIT,5075.42,"2026-02-11T13:45:00.000Z",2.49,24.93,"4/4 (1H Displacement + 5M Bullish FVG + DXY Inverse + London/NY)"
SUPREME,301,"2026-02-11T23:15:00.000Z",BUY,5079.38,5074.88,5086.13,5095.13,45,FULL_STOP_LOSS,5074.88,"2026-02-11T23:55:00.000Z",-1.01,-10.07,"4/4 (1H Displacement + 5M Bullish FVG + DXY Inverse + London/NY)"
SUPREME,302,"2026-02-12T10:50:00.000Z",BUY,5071.91,5067.9,5077.93,5085.95,40,TP1_THEN_BREAKEVEN,5071.91,"2026-02-12T12:05:00.000Z",0.74,7.43,"4/4 (1H Displacement + 5M Bullish FVG + DXY Inverse + London/NY)"
SUPREME,303,"2026-02-12T13:15:00.000Z",SELL,5075.32,5076.82,5073.07,5070.07,15,FULL_STOP_LOSS,5076.82,"2026-02-12T13:20:00.000Z",-1.01,-10.07,"4/4 (1H Displacement + 5M Bearish FVG + DXY Inverse + London/NY)"
SUPREME,304,"2026-02-13T12:25:00.000Z",SELL,4979.85,4981.35,4977.6,4974.6,15,TP1_THEN_BREAKEVEN,4979.85,"2026-02-13T12:35:00.000Z",0.74,7.43,"4/4 (1H Displacement + 5M Bearish FVG + DXY Inverse + London/NY)"
SUPREME,305,"2026-02-14T12:10:00.000Z",BUY,5028.45,5025.75,5032.5,5037.9,27,TP1_THEN_BREAKEVEN,5028.45,"2026-02-14T16:25:00.000Z",0.74,7.43,"4/4 (1H Displacement + 5M Bullish FVG + DXY Inverse + London/NY)"
SUPREME,307,"2026-02-15T17:00:00.000Z",SELL,5041.83,5043.33,5039.58,5036.58,15,TP1_AND_TP2_HIT,5036.58,"2026-02-15T17:45:00.000Z",2.49,24.93,"4/4 (1H Displacement + 5M Bearish FVG + DXY Inverse + London/NY)"
SUPREME,308,"2026-02-15T17:50:00.000Z",BUY,5034.51,5033.01,5036.76,5039.76,15,TP1_THEN_BREAKEVEN,5034.51,"2026-02-15T18:00:00.000Z",0.74,7.43,"4/4 (1H Displacement + 5M Bullish FVG + DXY Inverse + London/NY)"
SUPREME,306,"2026-02-15T18:35:00.000Z",BUY,5032.3,5029.32,5036.77,5042.73,30,FULL_STOP_LOSS,5029.32,"2026-02-15T19:05:00.000Z",-1.01,-10.07,"4/4 (1H Displacement + 5M Bullish FVG + DXY Inverse + London/NY)"
SUPREME,309,"2026-02-15T21:00:00.000Z",SELL,5035.13,5036.63,5032.88,5029.88,15,FULL_STOP_LOSS,5036.63,"2026-02-15T21:05:00.000Z",-1.01,-10.07,"4/4 (1H Displacement + 5M Bearish FVG + DXY Inverse + London/NY)"
SUPREME,310,"2026-02-16T10:25:00.000Z",BUY,5015.98,5011.48,5022.73,5031.73,45,FULL_STOP_LOSS,5011.48,"2026-02-16T10:30:00.000Z",-1.01,-10.07,"4/4 (1H Displacement + 5M Bullish FVG + DXY Inverse + London/NY)"
SUPREME,311,"2026-02-16T17:05:00.000Z",SELL,5000.94,5002.44,4998.69,4995.69,15,FULL_STOP_LOSS,5002.44,"2026-02-16T17:25:00.000Z",-1.01,-10.07,"4/4 (1H Displacement + 5M Bearish FVG + DXY Inverse + London/NY)"
SUPREME,312,"2026-02-16T19:15:00.000Z",BUY,4999.83,4997,5004.07,5009.73,28,FULL_STOP_LOSS,4997,"2026-02-16T20:05:00.000Z",-1.01,-10.07,"4/4 (1H Displacement + 5M Bullish FVG + DXY Inverse + London/NY)"
SUPREME,313,"2026-02-17T11:10:00.000Z",SELL,4929.35,4930.85,4927.1,4924.1,15,FULL_STOP_LOSS,4930.85,"2026-02-17T11:15:00.000Z",-1.01,-10.07,"4/4 (1H Displacement + 5M Bearish FVG + DXY Inverse + London/NY)"
SUPREME,314,"2026-02-17T18:05:00.000Z",SELL,4873.31,4877.81,4866.56,4857.56,45,FULL_STOP_LOSS,4877.81,"2026-02-17T18:15:00.000Z",-1.01,-10.07,"4/4 (1H Displacement + 5M Bearish FVG + DXY Inverse + London/NY)"
SUPREME,315,"2026-02-18T12:55:00.000Z",SELL,4939.6,4941.1,4937.35,4934.35,15,FULL_STOP_LOSS,4941.1,"2026-02-18T13:00:00.000Z",-1.01,-10.07,"4/4 (1H Displacement + 5M Bearish FVG + DXY Inverse + London/NY)"
SUPREME,316,"2026-02-19T15:30:00.000Z",SELL,5022.21,5025.66,5017.03,5010.14,34,FULL_STOP_LOSS,5025.66,"2026-02-19T15:35:00.000Z",-1.01,-10.07,"4/4 (1H Displacement + 5M Bearish FVG + DXY Inverse + London/NY)"
SUPREME,317,"2026-02-20T01:05:00.000Z",SELL,5017.05,5020.4,5012.03,5005.33,33,FULL_STOP_LOSS,5020.4,"2026-02-20T01:10:00.000Z",-1.01,-10.07,"4/4 (1H Displacement + 5M Bearish FVG + DXY Inverse + London/NY)"
SUPREME,318,"2026-02-20T15:10:00.000Z",BUY,5038.15,5033.65,5044.9,5053.9,45,TP1_THEN_BREAKEVEN,5038.15,"2026-02-20T15:25:00.000Z",0.74,7.43,"4/4 (1H Displacement + 5M Bullish FVG + DXY Inverse + London/NY)"
SUPREME,319,"2026-02-20T15:10:00.000Z",BUY,5038.15,5033.65,5044.9,5053.9,45,TP1_THEN_BREAKEVEN,5038.15,"2026-02-20T15:25:00.000Z",0.74,7.43,"4/4 (1H Displacement + 5M Bullish FVG + DXY Inverse + London/NY)"
SUPREME,322,"2026-02-21T20:50:00.000Z",SELL,5149.76,5153.34,5144.39,5137.23,36,TP1_AND_TP2_HIT,5137.23,"2026-02-21T23:30:00.000Z",2.49,24.93,"4/4 (1H Displacement + 5M Bearish FVG + DXY Inverse + London/NY)"
SUPREME,320,"2026-02-21T23:35:00.000Z",BUY,5139.52,5135.02,5146.27,5155.27,45,FULL_STOP_LOSS,5135.02,"2026-02-22T01:25:00.000Z",-1.01,-10.07,"4/4 (1H Displacement + 5M Bullish FVG + DXY Inverse + London/NY)"
SUPREME,321,"2026-02-21T23:35:00.000Z",BUY,5139.52,5137.55,5142.48,5146.42,20,TP1_THEN_BREAKEVEN,5139.52,"2026-02-22T00:45:00.000Z",0.74,7.43,"4/4 (1H Displacement + 5M Bullish FVG + DXY Inverse + London/NY)"
SUPREME,323,"2026-02-22T10:20:00.000Z",SELL,5133.8,5136.25,5130.13,5125.23,24,FULL_STOP_LOSS,5136.25,"2026-02-22T10:45:00.000Z",-1.01,-10.07,"4/4 (1H Displacement + 5M Bearish FVG + DXY Inverse + London/NY)"
SUPREME,324,"2026-02-22T23:05:00.000Z",BUY,5142.2,5137.7,5148.95,5157.95,45,TP1_AND_TP2_HIT,5157.95,"2026-02-22T23:15:00.000Z",2.49,24.93,"4/4 (1H Displacement + 5M Bullish FVG + DXY Inverse + London/NY)"
SUPREME,326,"2026-02-24T01:05:00.000Z",BUY,5226.3,5224.8,5228.55,5231.55,15,FULL_STOP_LOSS,5224.8,"2026-02-24T01:10:00.000Z",-1.01,-10.07,"4/4 (1H Displacement + 5M Bullish FVG + DXY Inverse + London/NY)"
SUPREME,325,"2026-02-24T01:20:00.000Z",BUY,5174.7,5170.2,5181.45,5190.45,45,FULL_STOP_LOSS,5170.2,"2026-02-24T01:25:00.000Z",-1.01,-10.07,"4/4 (1H Displacement + 5M Bullish FVG + DXY Inverse + London/NY)"
SUPREME,327,"2026-02-24T20:40:00.000Z",SELL,5186.74,5191.24,5179.99,5170.99,45,TP1_AND_TP2_HIT,5170.99,"2026-02-24T21:30:00.000Z",2.49,24.93,"4/4 (1H Displacement + 5M Bearish FVG + DXY Inverse + London/NY)"
SUPREME,328,"2026-02-24T22:45:00.000Z",BUY,5158.44,5155.09,5163.46,5170.16,33,FULL_STOP_LOSS,5155.09,"2026-02-24T22:55:00.000Z",-1.01,-10.07,"4/4 (1H Displacement + 5M Bullish FVG + DXY Inverse + London/NY)"
SUPREME,329,"2026-02-25T12:25:00.000Z",SELL,5205.6,5207.1,5203.35,5200.35,15,TP1_AND_TP2_HIT,5200.35,"2026-02-25T12:35:00.000Z",2.49,24.93,"4/4 (1H Displacement + 5M Bearish FVG + DXY Inverse + London/NY)"
SUPREME,330,"2026-02-25T18:50:00.000Z",BUY,5208.3,5206.8,5210.55,5213.55,15,FULL_STOP_LOSS,5206.8,"2026-02-25T18:55:00.000Z",-1.01,-10.07,"4/4 (1H Displacement + 5M Bullish FVG + DXY Inverse + London/NY)"
SUPREME,331,"2026-02-26T09:50:00.000Z",SELL,5194.64,5196.14,5192.39,5189.39,15,FULL_STOP_LOSS,5196.14,"2026-02-26T09:55:00.000Z",-1.01,-10.07,"4/4 (1H Displacement + 5M Bearish FVG + DXY Inverse + London/NY)"
SUPREME,332,"2026-02-26T15:55:00.000Z",SELL,5199.16,5200.66,5196.91,5193.91,15,TP1_AND_TP2_HIT,5193.91,"2026-02-26T16:05:00.000Z",2.49,24.93,"4/4 (1H Displacement + 5M Bearish FVG + DXY Inverse + London/NY)"
SUPREME,333,"2026-02-26T18:40:00.000Z",BUY,5188.05,5183.55,5194.8,5203.8,45,TP1_AND_TP2_HIT,5203.8,"2026-02-26T20:05:00.000Z",2.49,24.93,"4/4 (1H Displacement + 5M Bullish FVG + DXY Inverse + London/NY)"
SUPREME,334,"2026-02-27T10:30:00.000Z",SELL,5186.74,5191.24,5179.99,5170.99,45,FULL_STOP_LOSS,5191.24,"2026-02-27T10:45:00.000Z",-1.01,-10.07,"4/4 (1H Displacement + 5M Bearish FVG + DXY Inverse + London/NY)"
SUPREME,335,"2026-02-28T14:05:00.000Z",BUY,5393.61,5389.11,5400.36,5409.36,45,FULL_STOP_LOSS,5389.11,"2026-02-28T14:10:00.000Z",-1.01,-10.07,"4/4 (1H Displacement + 5M Bullish FVG + DXY Inverse + London/NY)"
SUPREME,336,"2026-02-28T16:05:00.000Z",BUY,5402.75,5398.25,5409.5,5418.5,45,FULL_STOP_LOSS,5398.25,"2026-02-28T16:10:00.000Z",-1.01,-10.07,"4/4 (1H Displacement + 5M Bullish FVG + DXY Inverse + London/NY)"
SUPREME,337,"2026-03-01T14:00:00.000Z",BUY,5383.76,5382.26,5386.01,5389.01,15,TP1_AND_TP2_HIT,5389.01,"2026-03-01T14:10:00.000Z",2.49,24.93,"4/4 (1H Displacement + 5M Bullish FVG + DXY Inverse + London/NY)"
SUPREME,338,"2026-03-02T11:05:00.000Z",SELL,5424.54,5429.04,5417.79,5408.79,45,FULL_STOP_LOSS,5429.04,"2026-03-02T11:15:00.000Z",-1.01,-10.07,"4/4 (1H Displacement + 5M Bearish FVG + DXY Inverse + London/NY)"
SUPREME,339,"2026-03-02T20:10:00.000Z",SELL,5352.08,5353.58,5349.83,5346.83,15,FULL_STOP_LOSS,5353.58,"2026-03-02T20:15:00.000Z",-1.01,-10.07,"4/4 (1H Displacement + 5M Bearish FVG + DXY Inverse + London/NY)"
SUPREME,340,"2026-03-03T05:55:00.000Z",BUY,5326.93,5322.43,5333.68,5342.68,45,TP1_THEN_BREAKEVEN,5326.93,"2026-03-03T06:05:00.000Z",0.74,7.43,"4/4 (1H Displacement + 5M Bullish FVG + DXY Inverse + London/NY)"
SUPREME,342,"2026-03-03T20:55:00.000Z",BUY,5110.68,5109.18,5112.93,5115.93,15,TP1_AND_TP2_HIT,5115.93,"2026-03-03T21:05:00.000Z",2.49,24.93,"4/4 (1H Displacement + 5M Bullish FVG + DXY Inverse + London/NY)"
SUPREME,341,"2026-03-04T02:15:00.000Z",SELL,5199.19,5203.69,5192.44,5183.44,45,TP1_AND_TP2_HIT,5183.44,"2026-03-04T02:30:00.000Z",2.49,24.93,"4/4 (1H Displacement + 5M Bearish FVG + DXY Inverse + London/NY)"
SUPREME,343,"2026-03-04T09:05:00.000Z",BUY,5178.99,5174.49,5185.74,5194.74,45,TP1_AND_TP2_HIT,5194.74,"2026-03-04T09:35:00.000Z",2.49,24.93,"4/4 (1H Displacement + 5M Bullish FVG + DXY Inverse + London/NY)"
SUPREME,344,"2026-03-05T01:10:00.000Z",SELL,5192.96,5197.46,5186.21,5177.21,45,TP1_AND_TP2_HIT,5177.21,"2026-03-05T01:40:00.000Z",2.49,24.93,"4/4 (1H Displacement + 5M Bearish FVG + DXY Inverse + London/NY)"
SUPREME,345,"2026-03-06T13:35:00.000Z",SELL,5131.81,5133.31,5129.56,5126.56,15,TP1_AND_TP2_HIT,5126.56,"2026-03-06T13:45:00.000Z",2.49,24.93,"4/4 (1H Displacement + 5M Bearish FVG + DXY Inverse + London/NY)"
SUPREME,346,"2026-03-07T12:10:00.000Z",SELL,5182.25,5186.04,5176.57,5168.99,38,TP1_THEN_BREAKEVEN,5182.25,"2026-03-07T13:35:00.000Z",0.74,7.43,"4/4 (1H Displacement + 5M Bearish FVG + DXY Inverse + London/NY)"
SUPREME,347,"2026-03-07T18:05:00.000Z",BUY,5181.55,5180.05,5183.8,5186.8,15,TP1_THEN_BREAKEVEN,5181.55,"2026-03-07T19:15:00.000Z",0.74,7.43,"4/4 (1H Displacement + 5M Bullish FVG + DXY Inverse + London/NY)"
SUPREME,348,"2026-03-08T16:05:00.000Z",SELL,5172.6,5177.1,5165.85,5156.85,45,TP1_THEN_BREAKEVEN,5172.6,"2026-03-08T20:35:00.000Z",0.74,7.43,"4/4 (1H Displacement + 5M Bearish FVG + DXY Inverse + London/NY)"
SUPREME,349,"2026-03-08T17:00:00.000Z",SELL,5169.77,5174.27,5163.02,5154.02,45,TP1_THEN_BREAKEVEN,5169.77,"2026-03-08T19:35:00.000Z",0.74,7.43,"4/4 (1H Displacement + 5M Bearish FVG + DXY Inverse + London/NY)"
SUPREME,350,"2026-03-08T21:25:00.000Z",BUY,5169.5,5165,5176.25,5185.25,45,FULL_STOP_LOSS,5165,"2026-03-08T21:30:00.000Z",-1.01,-10.07,"4/4 (1H Displacement + 5M Bullish FVG + DXY Inverse + London/NY)"
SUPREME,351,"2026-03-09T14:45:00.000Z",SELL,5119.96,5121.46,5117.71,5114.71,15,TP1_AND_TP2_HIT,5114.71,"2026-03-09T14:55:00.000Z",2.49,24.93,"4/4 (1H Displacement + 5M Bearish FVG + DXY Inverse + London/NY)"
SUPREME,352,"2026-03-09T17:15:00.000Z",BUY,5104.98,5102.96,5108.01,5112.05,20,FULL_STOP_LOSS,5102.96,"2026-03-09T17:20:00.000Z",-1.01,-10.07,"4/4 (1H Displacement + 5M Bullish FVG + DXY Inverse + London/NY)"
SUPREME,353,"2026-03-10T10:20:00.000Z",BUY,5177.06,5172.56,5183.81,5192.81,45,FULL_STOP_LOSS,5172.56,"2026-03-10T10:25:00.000Z",-1.01,-10.07,"4/4 (1H Displacement + 5M Bullish FVG + DXY Inverse + London/NY)"
SUPREME,354,"2026-03-10T18:20:00.000Z",BUY,5176.54,5172.04,5183.29,5192.29,45,TP1_AND_TP2_HIT,5192.29,"2026-03-10T18:30:00.000Z",2.49,24.93,"4/4 (1H Displacement + 5M Bullish FVG + DXY Inverse + London/NY)"
SUPREME,355,"2026-03-10T18:20:00.000Z",BUY,5176.54,5175.04,5178.79,5181.79,15,TP1_AND_TP2_HIT,5181.79,"2026-03-10T18:30:00.000Z",2.49,24.93,"4/4 (1H Displacement + 5M Bullish FVG + DXY Inverse + London/NY)"
SUPREME,356,"2026-03-11T09:40:00.000Z",SELL,5194.09,5195.94,5191.32,5187.62,18,TP1_AND_TP2_HIT,5187.62,"2026-03-11T09:55:00.000Z",2.49,24.93,"4/4 (1H Displacement + 5M Bearish FVG + DXY Inverse + London/NY)"
SUPREME,357,"2026-03-11T14:05:00.000Z",SELL,5183.66,5185.91,5180.28,5175.78,23,FULL_STOP_LOSS,5185.91,"2026-03-11T14:10:00.000Z",-1.01,-10.07,"4/4 (1H Displacement + 5M Bearish FVG + DXY Inverse + London/NY)"
SUPREME,358,"2026-03-11T22:10:00.000Z",BUY,5171.85,5168.93,5176.23,5182.07,29,FULL_STOP_LOSS,5168.93,"2026-03-11T22:25:00.000Z",-1.01,-10.07,"4/4 (1H Displacement + 5M Bullish FVG + DXY Inverse + London/NY)"
SUPREME,359,"2026-03-12T13:25:00.000Z",BUY,5170.58,5168.97,5172.99,5176.21,16,FULL_STOP_LOSS,5168.97,"2026-03-12T13:30:00.000Z",-1.01,-10.07,"4/4 (1H Displacement + 5M Bullish FVG + DXY Inverse + London/NY)"
SUPREME,360,"2026-03-13T02:05:00.000Z",SELL,5129.69,5134.19,5122.94,5113.94,45,TP1_AND_TP2_HIT,5113.94,"2026-03-13T03:00:00.000Z",2.49,24.93,"4/4 (1H Displacement + 5M Bearish FVG + DXY Inverse + London/NY)"
SUPREME,361,"2026-03-13T14:15:00.000Z",BUY,5090.05,5088.55,5092.3,5095.3,15,FULL_STOP_LOSS,5088.55,"2026-03-13T14:20:00.000Z",-1.01,-10.07,"4/4 (1H Displacement + 5M Bullish FVG + DXY Inverse + London/NY)"
SUPREME,362,"2026-03-14T04:30:00.000Z",SELL,5043.14,5047.64,5036.39,5027.39,45,TP1_PARTIAL,5036.39,"2026-03-14T06:05:00.000Z",-1.01,-10.07,"4/4 (1H Displacement + 5M Bearish FVG + DXY Inverse + London/NY)"
SUPREME,363,"2026-03-14T09:40:00.000Z",BUY,5032.26,5030.71,5034.59,5037.69,16,FULL_STOP_LOSS,5030.71,"2026-03-14T10:20:00.000Z",-1.01,-10.07,"4/4 (1H Displacement + 5M Bullish FVG + DXY Inverse + London/NY)"
SUPREME,364,"2026-03-14T16:00:00.000Z",BUY,5029.65,5026.21,5034.81,5041.69,34,FULL_STOP_LOSS,5026.21,"2026-03-14T16:15:00.000Z",-1.01,-10.07,"4/4 (1H Displacement + 5M Bullish FVG + DXY Inverse + London/NY)"
SUPREME,365,"2026-03-14T20:05:00.000Z",BUY,5026.94,5024.29,5030.91,5036.21,26,FULL_STOP_LOSS,5024.29,"2026-03-14T20:10:00.000Z",-1.01,-10.07,"4/4 (1H Displacement + 5M Bullish FVG + DXY Inverse + London/NY)"
SUPREME,366,"2026-03-15T09:00:00.000Z",BUY,5015.31,5013.81,5017.56,5020.56,15,FULL_STOP_LOSS,5013.81,"2026-03-15T09:10:00.000Z",-1.01,-10.07,"4/4 (1H Displacement + 5M Bullish FVG + DXY Inverse + London/NY)"
SUPREME,367,"2026-03-15T12:50:00.000Z",BUY,5007.75,5004.95,5011.95,5017.55,28,FULL_STOP_LOSS,5004.95,"2026-03-15T14:55:00.000Z",-1.01,-10.07,"4/4 (1H Displacement + 5M Bullish FVG + DXY Inverse + London/NY)"
SUPREME,368,"2026-03-15T22:05:00.000Z",SELL,5010.77,5012.27,5008.52,5005.52,15,FULL_STOP_LOSS,5012.27,"2026-03-15T22:10:00.000Z",-1.01,-10.07,"4/4 (1H Displacement + 5M Bearish FVG + DXY Inverse + London/NY)"
SUPREME,369,"2026-03-16T10:55:00.000Z",SELL,4985.72,4989.3,4980.35,4973.19,36,FULL_STOP_LOSS,4989.3,"2026-03-16T11:00:00.000Z",-1.01,-10.07,"4/4 (1H Displacement + 5M Bearish FVG + DXY Inverse + London/NY)"
SUPREME,370,"2026-03-16T14:35:00.000Z",BUY,5003.69,4999.19,5010.44,5019.44,45,FULL_STOP_LOSS,4999.19,"2026-03-16T14:40:00.000Z",-1.01,-10.07,"4/4 (1H Displacement + 5M Bullish FVG + DXY Inverse + London/NY)"
SUPREME,371,"2026-03-16T21:30:00.000Z",BUY,4988.49,4986.04,4992.16,4997.06,24,FULL_STOP_LOSS,4986.04,"2026-03-16T21:35:00.000Z",-1.01,-10.07,"4/4 (1H Displacement + 5M Bullish FVG + DXY Inverse + London/NY)"
SUPREME,372,"2026-03-17T15:30:00.000Z",BUY,4991.51,4990.01,4993.76,4996.76,15,FULL_STOP_LOSS,4990.01,"2026-03-17T15:35:00.000Z",-1.01,-10.07,"4/4 (1H Displacement + 5M Bullish FVG + DXY Inverse + London/NY)"
SUPREME,373,"2026-03-18T18:50:00.000Z",BUY,4859.05,4857.55,4861.3,4864.3,15,FULL_STOP_LOSS,4857.55,"2026-03-18T18:55:00.000Z",-1.01,-10.07,"4/4 (1H Displacement + 5M Bullish FVG + DXY Inverse + London/NY)"
SUPREME,374,"2026-03-19T18:05:00.000Z",BUY,4617.67,4615.57,4620.82,4625.02,21,TP1_THEN_BREAKEVEN,4617.67,"2026-03-19T18:15:00.000Z",0.74,7.43,"4/4 (1H Displacement + 5M Bullish FVG + DXY Inverse + London/NY)"
SUPREME,375,"2026-03-20T12:15:00.000Z",SELL,4689.49,4693.99,4682.74,4673.74,45,FULL_STOP_LOSS,4693.99,"2026-03-20T12:20:00.000Z",-1.01,-10.07,"4/4 (1H Displacement + 5M Bearish FVG + DXY Inverse + London/NY)"
SUPREME,376,"2026-03-21T17:40:00.000Z",BUY,4508.21,4506.07,4511.42,4515.7,21,TP1_THEN_BREAKEVEN,4508.21,"2026-03-21T23:45:00.000Z",0.74,7.43,"4/4 (1H Displacement + 5M Bullish FVG + DXY Inverse + London/NY)"
SUPREME,377,"2026-03-22T09:05:00.000Z",SELL,4506.09,4509.5,4500.98,4494.16,34,TP1_THEN_BREAKEVEN,4506.09,"2026-03-22T09:45:00.000Z",0.74,7.43,"4/4 (1H Displacement + 5M Bearish FVG + DXY Inverse + London/NY)"
SUPREME,379,"2026-03-22T15:50:00.000Z",SELL,4478.04,4480.8,4473.9,4468.38,28,FULL_STOP_LOSS,4480.8,"2026-03-22T17:00:00.000Z",-1.01,-10.07,"4/4 (1H Displacement + 5M Bearish FVG + DXY Inverse + London/NY)"
SUPREME,378,"2026-03-22T17:15:00.000Z",SELL,4498.76,4500.82,4495.67,4491.55,21,TP1_AND_TP2_HIT,4491.55,"2026-03-22T17:25:00.000Z",2.49,24.93,"4/4 (1H Displacement + 5M Bearish FVG + DXY Inverse + London/NY)"
SUPREME,380,"2026-03-22T22:05:00.000Z",BUY,4482.95,4478.45,4489.7,4498.7,45,TP1_AND_TP2_HIT,4498.7,"2026-03-22T22:15:00.000Z",2.49,24.93,"4/4 (1H Displacement + 5M Bullish FVG + DXY Inverse + London/NY)"
SUPREME,381,"2026-03-23T22:10:00.000Z",BUY,4397.09,4392.59,4403.84,4412.84,45,TP1_AND_TP2_HIT,4412.84,"2026-03-23T22:20:00.000Z",2.49,24.93,"4/4 (1H Displacement + 5M Bullish FVG + DXY Inverse + London/NY)"
SUPREME,382,"2026-03-24T11:05:00.000Z",BUY,4416.37,4414.87,4418.62,4421.62,15,FULL_STOP_LOSS,4414.87,"2026-03-24T11:10:00.000Z",-1.01,-10.07,"4/4 (1H Displacement + 5M Bullish FVG + DXY Inverse + London/NY)"
SUPREME,383,"2026-03-24T18:30:00.000Z",SELL,4416.12,4420.62,4409.37,4400.37,45,FULL_STOP_LOSS,4420.62,"2026-03-24T18:35:00.000Z",-1.01,-10.07,"4/4 (1H Displacement + 5M Bearish FVG + DXY Inverse + London/NY)"
SUPREME,384,"2026-03-25T12:25:00.000Z",BUY,4554.94,4552.54,4558.54,4563.34,24,FULL_STOP_LOSS,4552.54,"2026-03-25T12:30:00.000Z",-1.01,-10.07,"4/4 (1H Displacement + 5M Bullish FVG + DXY Inverse + London/NY)"
SUPREME,385,"2026-03-26T10:30:00.000Z",SELL,4445.89,4450.39,4439.14,4430.14,45,TP1_AND_TP2_HIT,4430.14,"2026-03-26T10:40:00.000Z",2.49,24.93,"4/4 (1H Displacement + 5M Bearish FVG + DXY Inverse + London/NY)"
SUPREME,386,"2026-03-26T20:15:00.000Z",SELL,4404.7,4406.2,4402.45,4399.45,15,FULL_STOP_LOSS,4406.2,"2026-03-26T20:20:00.000Z",-1.01,-10.07,"4/4 (1H Displacement + 5M Bearish FVG + DXY Inverse + London/NY)"
SUPREME,387,"2026-03-27T14:05:00.000Z",SELL,4459.21,4461.7,4455.48,4450.5,25,FULL_STOP_LOSS,4461.7,"2026-03-27T14:10:00.000Z",-1.01,-10.07,"4/4 (1H Displacement + 5M Bearish FVG + DXY Inverse + London/NY)"
SUPREME,388,"2026-03-27T18:40:00.000Z",SELL,4519.5,4524,4512.75,4503.75,45,FULL_STOP_LOSS,4524,"2026-03-27T18:45:00.000Z",-1.01,-10.07,"4/4 (1H Displacement + 5M Bearish FVG + DXY Inverse + London/NY)"
SUPREME,389,"2026-03-28T12:15:00.000Z",SELL,4505.99,4507.49,4503.74,4500.74,15,FULL_STOP_LOSS,4507.49,"2026-03-28T13:40:00.000Z",-1.01,-10.07,"4/4 (1H Displacement + 5M Bearish FVG + DXY Inverse + London/NY)"
SUPREME,390,"2026-03-28T17:10:00.000Z",SELL,4503.99,4505.61,4501.56,4498.32,16,TP1_THEN_BREAKEVEN,4503.99,"2026-03-28T18:05:00.000Z",0.74,7.43,"4/4 (1H Displacement + 5M Bearish FVG + DXY Inverse + London/NY)"
SUPREME,391,"2026-03-29T22:05:00.000Z",BUY,4517.8,4513.3,4524.55,4533.55,45,FULL_STOP_LOSS,4513.3,"2026-03-29T22:10:00.000Z",-1.01,-10.07,"4/4 (1H Displacement + 5M Bullish FVG + DXY Inverse + London/NY)"
SUPREME,392,"2026-03-29T22:05:00.000Z",BUY,4517.8,4513.3,4524.55,4533.55,45,FULL_STOP_LOSS,4513.3,"2026-03-29T22:10:00.000Z",-1.01,-10.07,"4/4 (1H Displacement + 5M Bullish FVG + DXY Inverse + London/NY)"
SUPREME,393,"2026-03-31T00:50:00.000Z",SELL,4536.5,4541,4529.75,4520.75,45,FULL_STOP_LOSS,4541,"2026-03-31T00:55:00.000Z",-1.01,-10.07,"4/4 (1H Displacement + 5M Bearish FVG + DXY Inverse + London/NY)"
SUPREME,394,"2026-03-31T09:05:00.000Z",BUY,4570.97,4566.47,4577.72,4586.72,45,FULL_STOP_LOSS,4566.47,"2026-03-31T09:15:00.000Z",-1.01,-10.07,"4/4 (1H Displacement + 5M Bullish FVG + DXY Inverse + London/NY)"
SUPREME,395,"2026-03-31T20:25:00.000Z",BUY,4667.18,4665.03,4670.41,4674.71,22,FULL_STOP_LOSS,4665.03,"2026-03-31T20:30:00.000Z",-1.01,-10.07,"4/4 (1H Displacement + 5M Bullish FVG + DXY Inverse + London/NY)"
SUPREME,396,"2026-04-01T13:00:00.000Z",BUY,4714.39,4712.86,4716.69,4719.75,15,FULL_STOP_LOSS,4712.86,"2026-04-01T13:05:00.000Z",-1.01,-10.07,"4/4 (1H Displacement + 5M Bullish FVG + DXY Inverse + London/NY)"
SUPREME,398,"2026-04-01T23:20:00.000Z",SELL,4780.02,4781.52,4777.77,4774.77,15,TP1_THEN_BREAKEVEN,4780.02,"2026-04-01T23:30:00.000Z",0.74,7.43,"4/4 (1H Displacement + 5M Bearish FVG + DXY Inverse + London/NY)"
SUPREME,397,"2026-04-02T01:05:00.000Z",BUY,4729.58,4725.08,4736.33,4745.33,45,TP1_THEN_BREAKEVEN,4729.58,"2026-04-02T01:15:00.000Z",0.74,7.43,"4/4 (1H Displacement + 5M Bullish FVG + DXY Inverse + London/NY)"
SUPREME,399,"2026-04-02T13:55:00.000Z",SELL,4628.45,4631.49,4623.89,4617.81,30,FULL_STOP_LOSS,4631.49,"2026-04-02T14:00:00.000Z",-1.01,-10.07,"4/4 (1H Displacement + 5M Bearish FVG + DXY Inverse + London/NY)"
SUPREME,400,"2026-04-03T17:20:00.000Z",BUY,4649.8,4648.3,4652.05,4655.05,15,FULL_STOP_LOSS,4648.3,"2026-04-03T17:25:00.000Z",-1.01,-10.07,"4/4 (1H Displacement + 5M Bullish FVG + DXY Inverse + London/NY)"
SUPREME,401,"2026-04-03T20:40:00.000Z",SELL,4646.03,4648.83,4641.83,4636.23,28,FULL_STOP_LOSS,4648.83,"2026-04-03T21:05:00.000Z",-1.01,-10.07,"4/4 (1H Displacement + 5M Bearish FVG + DXY Inverse + London/NY)"
SUPREME,403,"2026-04-04T17:10:00.000Z",BUY,4656.95,4655.45,4659.2,4662.2,15,FULL_STOP_LOSS,4655.45,"2026-04-04T17:50:00.000Z",-1.01,-10.07,"4/4 (1H Displacement + 5M Bullish FVG + DXY Inverse + London/NY)"
SUPREME,402,"2026-04-04T19:10:00.000Z",BUY,4651.13,4648.5,4655.08,4660.34,26,FULL_STOP_LOSS,4648.5,"2026-04-04T20:10:00.000Z",-1.01,-10.07,"4/4 (1H Displacement + 5M Bullish FVG + DXY Inverse + London/NY)"
SUPREME,406,"2026-04-05T20:05:00.000Z",BUY,4621.34,4618.07,4626.25,4632.79,33,FULL_STOP_LOSS,4618.07,"2026-04-05T20:25:00.000Z",-1.01,-10.07,"4/4 (1H Displacement + 5M Bullish FVG + DXY Inverse + London/NY)"
SUPREME,404,"2026-04-05T22:05:00.000Z",SELL,4624,4628.5,4617.25,4608.25,45,TP1_THEN_BREAKEVEN,4624,"2026-04-05T22:15:00.000Z",0.74,7.43,"4/4 (1H Displacement + 5M Bearish FVG + DXY Inverse + London/NY)"
SUPREME,405,"2026-04-05T22:05:00.000Z",SELL,4624,4628.5,4617.25,4608.25,45,TP1_THEN_BREAKEVEN,4624,"2026-04-05T22:15:00.000Z",0.74,7.43,"4/4 (1H Displacement + 5M Bearish FVG + DXY Inverse + London/NY)"
SUPREME,408,"2026-04-06T14:05:00.000Z",SELL,4656.59,4661.09,4649.84,4640.84,45,TP1_THEN_BREAKEVEN,4656.59,"2026-04-06T14:15:00.000Z",0.74,7.43,"4/4 (1H Displacement + 5M Bearish FVG + DXY Inverse + London/NY)"
SUPREME,409,"2026-04-06T15:05:00.000Z",BUY,4659.45,4657.95,4661.7,4664.7,15,FULL_STOP_LOSS,4657.95,"2026-04-06T15:10:00.000Z",-1.01,-10.07,"4/4 (1H Displacement + 5M Bullish FVG + DXY Inverse + London/NY)"
SUPREME,407,"2026-04-06T15:40:00.000Z",BUY,4642.3,4637.8,4649.05,4658.05,45,TP1_THEN_BREAKEVEN,4642.3,"2026-04-06T17:00:00.000Z",0.74,7.43,"4/4 (1H Displacement + 5M Bullish FVG + DXY Inverse + London/NY)"
SUPREME,410,"2026-04-06T18:15:00.000Z",SELL,4645.1,4649.6,4638.35,4629.35,45,FULL_STOP_LOSS,4649.6,"2026-04-06T18:25:00.000Z",-1.01,-10.07,"4/4 (1H Displacement + 5M Bearish FVG + DXY Inverse + London/NY)"
SUPREME,411,"2026-04-07T11:05:00.000Z",BUY,4642,4637.5,4648.75,4657.75,45,FULL_STOP_LOSS,4637.5,"2026-04-07T11:10:00.000Z",-1.01,-10.07,"4/4 (1H Displacement + 5M Bullish FVG + DXY Inverse + London/NY)"
SUPREME,412,"2026-04-07T18:55:00.000Z",BUY,4651.16,4647.28,4656.98,4664.74,39,TP1_AND_TP2_HIT,4664.74,"2026-04-07T19:20:00.000Z",2.49,24.93,"4/4 (1H Displacement + 5M Bullish FVG + DXY Inverse + London/NY)"
SUPREME,413,"2026-04-08T12:25:00.000Z",BUY,4753.6,4752.1,4755.85,4758.85,15,TP1_AND_TP2_HIT,4758.85,"2026-04-08T12:35:00.000Z",2.49,24.93,"4/4 (1H Displacement + 5M Bullish FVG + DXY Inverse + London/NY)"
SUPREME,414,"2026-04-09T12:30:00.000Z",BUY,4726.41,4721.91,4733.16,4742.16,45,TP1_AND_TP2_HIT,4742.16,"2026-04-09T13:10:00.000Z",2.49,24.93,"4/4 (1H Displacement + 5M Bullish FVG + DXY Inverse + London/NY)"
SUPREME,415,"2026-04-09T20:45:00.000Z",BUY,4753.02,4749.34,4758.54,4765.9,37,FULL_STOP_LOSS,4749.34,"2026-04-09T21:10:00.000Z",-1.01,-10.07,"4/4 (1H Displacement + 5M Bullish FVG + DXY Inverse + London/NY)"
SUPREME,416,"2026-04-10T09:20:00.000Z",SELL,4742.6,4744.1,4740.35,4737.35,15,TP1_AND_TP2_HIT,4737.35,"2026-04-10T09:30:00.000Z",2.49,24.93,"4/4 (1H Displacement + 5M Bearish FVG + DXY Inverse + London/NY)"
SUPREME,417,"2026-04-10T16:10:00.000Z",BUY,4740.03,4735.53,4746.78,4755.78,45,TP1_THEN_BREAKEVEN,4740.03,"2026-04-10T18:00:00.000Z",0.74,7.43,"4/4 (1H Displacement + 5M Bullish FVG + DXY Inverse + London/NY)"
SUPREME,418,"2026-04-11T17:20:00.000Z",BUY,4729.99,4728.49,4732.24,4735.24,15,FULL_STOP_LOSS,4728.49,"2026-04-11T17:40:00.000Z",-1.01,-10.07,"4/4 (1H Displacement + 5M Bullish FVG + DXY Inverse + London/NY)"
SUPREME,419,"2026-04-11T18:40:00.000Z",SELL,4733.56,4736.45,4729.23,4723.45,29,FULL_STOP_LOSS,4736.45,"2026-04-11T18:45:00.000Z",-1.01,-10.07,"4/4 (1H Displacement + 5M Bearish FVG + DXY Inverse + London/NY)"
SUPREME,420,"2026-04-12T22:05:00.000Z",BUY,4654.12,4652.62,4656.37,4659.37,15,FULL_STOP_LOSS,4652.62,"2026-04-12T22:10:00.000Z",-1.01,-10.07,"4/4 (1H Displacement + 5M Bullish FVG + DXY Inverse + London/NY)"
SUPREME,421,"2026-04-13T13:15:00.000Z",SELL,4717.66,4719.16,4715.41,4712.41,15,TP1_THEN_BREAKEVEN,4717.66,"2026-04-13T13:30:00.000Z",0.74,7.43,"4/4 (1H Displacement + 5M Bearish FVG + DXY Inverse + London/NY)"
SUPREME,422,"2026-04-14T21:40:00.000Z",BUY,4822.58,4818.1,4829.3,4838.26,45,FULL_STOP_LOSS,4818.1,"2026-04-14T21:50:00.000Z",-1.01,-10.07,"4/4 (1H Displacement + 5M Bullish FVG + DXY Inverse + London/NY)"
SUPREME,423,"2026-04-15T11:35:00.000Z",SELL,4795.12,4799.62,4788.37,4779.37,45,FULL_STOP_LOSS,4799.62,"2026-04-15T11:45:00.000Z",-1.01,-10.07,"4/4 (1H Displacement + 5M Bearish FVG + DXY Inverse + London/NY)"
SUPREME,424,"2026-04-16T20:25:00.000Z",BUY,4777.36,4775.86,4779.61,4782.61,15,FULL_STOP_LOSS,4775.86,"2026-04-16T20:30:00.000Z",-1.01,-10.07,"4/4 (1H Displacement + 5M Bullish FVG + DXY Inverse + London/NY)"
SUPREME,425,"2026-04-18T16:20:00.000Z",BUY,4791.53,4789.6,4794.42,4798.28,19,TP1_AND_TP2_HIT,4798.28,"2026-04-18T16:30:00.000Z",2.49,24.93,"4/4 (1H Displacement + 5M Bullish FVG + DXY Inverse + London/NY)"
SUPREME,428,"2026-04-19T17:00:00.000Z",BUY,4792.69,4790.76,4795.58,4799.44,19,FULL_STOP_LOSS,4790.76,"2026-04-19T17:05:00.000Z",-1.01,-10.07,"4/4 (1H Displacement + 5M Bullish FVG + DXY Inverse + London/NY)"
SUPREME,427,"2026-04-19T19:05:00.000Z",BUY,4779.8,4775.3,4786.55,4795.55,45,FULL_STOP_LOSS,4775.3,"2026-04-19T20:00:00.000Z",-1.01,-10.07,"4/4 (1H Displacement + 5M Bullish FVG + DXY Inverse + London/NY)"
SUPREME,426,"2026-04-19T20:05:00.000Z",BUY,4772.8,4771.3,4775.05,4778.05,15,FULL_STOP_LOSS,4771.3,"2026-04-19T20:10:00.000Z",-1.01,-10.07,"4/4 (1H Displacement + 5M Bullish FVG + DXY Inverse + London/NY)"
SUPREME,429,"2026-04-20T14:55:00.000Z",BUY,4792.08,4787.58,4798.83,4807.83,45,FULL_STOP_LOSS,4787.58,"2026-04-20T15:00:00.000Z",-1.01,-10.07,"4/4 (1H Displacement + 5M Bullish FVG + DXY Inverse + London/NY)"
SUPREME,430,"2026-04-21T02:50:00.000Z",BUY,4788.3,4785.73,4792.16,4797.3,26,FULL_STOP_LOSS,4785.73,"2026-04-21T03:10:00.000Z",-1.01,-10.07,"4/4 (1H Displacement + 5M Bullish FVG + DXY Inverse + London/NY)"
SUPREME,431,"2026-04-21T12:20:00.000Z",BUY,4772.5,4771,4774.75,4777.75,15,FULL_STOP_LOSS,4771,"2026-04-21T12:25:00.000Z",-1.01,-10.07,"4/4 (1H Displacement + 5M Bullish FVG + DXY Inverse + London/NY)"
SUPREME,433,"2026-04-21T20:25:00.000Z",SELL,4701.71,4703.21,4699.46,4696.46,15,TP1_THEN_BREAKEVEN,4701.71,"2026-04-21T20:35:00.000Z",0.74,7.43,"4/4 (1H Displacement + 5M Bearish FVG + DXY Inverse + London/NY)"
SUPREME,432,"2026-04-22T00:10:00.000Z",SELL,4733.5,4737.83,4727.01,4718.35,43,TP1_THEN_BREAKEVEN,4733.5,"2026-04-22T01:20:00.000Z",0.74,7.43,"4/4 (1H Displacement + 5M Bearish FVG + DXY Inverse + London/NY)"
SUPREME,434,"2026-04-22T13:50:00.000Z",SELL,4742.58,4744.34,4739.94,4736.42,18,TP1_THEN_BREAKEVEN,4742.58,"2026-04-22T14:00:00.000Z",0.74,7.43,"4/4 (1H Displacement + 5M Bearish FVG + DXY Inverse + London/NY)"
SUPREME,435,"2026-04-22T18:50:00.000Z",SELL,4733.74,4738.24,4726.99,4717.99,45,TP1_AND_TP2_HIT,4717.99,"2026-04-22T22:45:00.000Z",2.49,24.93,"4/4 (1H Displacement + 5M Bearish FVG + DXY Inverse + London/NY)"
SUPREME,436,"2026-04-23T12:00:00.000Z",SELL,4707.6,4709.1,4705.35,4702.35,15,FULL_STOP_LOSS,4709.1,"2026-04-23T12:05:00.000Z",-1.01,-10.07,"4/4 (1H Displacement + 5M Bearish FVG + DXY Inverse + London/NY)"
SUPREME,437,"2026-04-23T17:40:00.000Z",BUY,4689.38,4687.24,4692.59,4696.87,21,FULL_STOP_LOSS,4687.24,"2026-04-23T17:45:00.000Z",-1.01,-10.07,"4/4 (1H Displacement + 5M Bullish FVG + DXY Inverse + London/NY)"
SUPREME,438,"2026-04-24T11:05:00.000Z",SELL,4679.28,4680.78,4677.03,4674.03,15,FULL_STOP_LOSS,4680.78,"2026-04-24T11:10:00.000Z",-1.01,-10.07,"4/4 (1H Displacement + 5M Bearish FVG + DXY Inverse + London/NY)"
SUPREME,439,"2026-04-24T21:45:00.000Z",BUY,4692.52,4688.02,4699.27,4708.27,45,SL_HIT,4688.02,"2026-04-24T21:45:00.000Z",-1.01,-10.07,"4/4 (1H Displacement + 5M Bullish FVG + DXY Inverse + London/NY)"
SUPREME,440,"2026-04-25T09:30:00.000Z",BUY,4699.9,4696.1,4705.6,4713.2,38,FULL_STOP_LOSS,4696.1,"2026-04-25T16:10:00.000Z",-1.01,-10.07,"4/4 (1H Displacement + 5M Bullish FVG + DXY Inverse + London/NY)"
SUPREME,442,"2026-04-26T21:35:00.000Z",BUY,4700.21,4698.71,4702.46,4705.46,15,FULL_STOP_LOSS,4698.71,"2026-04-26T21:45:00.000Z",-1.01,-10.07,"4/4 (1H Displacement + 5M Bullish FVG + DXY Inverse + London/NY)"
SUPREME,441,"2026-04-26T21:50:00.000Z",BUY,4698.51,4697.01,4700.76,4703.76,15,TP1_THEN_BREAKEVEN,4698.51,"2026-04-26T22:00:00.000Z",0.74,7.43,"4/4 (1H Displacement + 5M Bullish FVG + DXY Inverse + London/NY)"
SUPREME,443,"2026-04-27T11:20:00.000Z",BUY,4692.9,4690.67,4696.24,4700.7,22,TP1_THEN_BREAKEVEN,4692.9,"2026-04-27T11:35:00.000Z",0.74,7.43,"4/4 (1H Displacement + 5M Bullish FVG + DXY Inverse + London/NY)"
SUPREME,444,"2026-04-27T23:50:00.000Z",SELL,4684.99,4687.49,4681.24,4676.24,25,FULL_STOP_LOSS,4687.49,"2026-04-28T00:05:00.000Z",-1.01,-10.07,"4/4 (1H Displacement + 5M Bearish FVG + DXY Inverse + London/NY)"
SUPREME,445,"2026-04-28T15:55:00.000Z",SELL,4579.63,4584.13,4572.88,4563.88,45,FULL_STOP_LOSS,4584.13,"2026-04-28T16:50:00.000Z",-1.01,-10.07,"4/4 (1H Displacement + 5M Bearish FVG + DXY Inverse + London/NY)"
SUPREME,446,"2026-04-28T23:40:00.000Z",BUY,4583.29,4580.78,4587.06,4592.08,25,TP1_AND_TP2_HIT,4592.08,"2026-04-29T00:00:00.000Z",2.49,24.93,"4/4 (1H Displacement + 5M Bullish FVG + DXY Inverse + London/NY)"
SUPREME,447,"2026-04-29T10:05:00.000Z",SELL,4556.75,4560.86,4550.59,4542.37,41,FULL_STOP_LOSS,4560.86,"2026-04-29T10:10:00.000Z",-1.01,-10.07,"4/4 (1H Displacement + 5M Bearish FVG + DXY Inverse + London/NY)"
SUPREME,448,"2026-04-29T16:05:00.000Z",SELL,4557.16,4560.31,4552.43,4546.13,32,TP1_AND_TP2_HIT,4546.13,"2026-04-29T16:35:00.000Z",2.49,24.93,"4/4 (1H Displacement + 5M Bearish FVG + DXY Inverse + London/NY)"
SUPREME,449,"2026-04-29T18:15:00.000Z",BUY,4524.38,4522.88,4526.63,4529.63,15,TP1_AND_TP2_HIT,4529.63,"2026-04-29T18:25:00.000Z",2.49,24.93,"4/4 (1H Displacement + 5M Bullish FVG + DXY Inverse + London/NY)"
SUPREME,450,"2026-04-30T13:45:00.000Z",BUY,4617.67,4613.17,4624.42,4633.42,45,FULL_STOP_LOSS,4613.17,"2026-04-30T13:50:00.000Z",-1.01,-10.07,"4/4 (1H Displacement + 5M Bullish FVG + DXY Inverse + London/NY)"
SUPREME,451,"2026-04-30T19:30:00.000Z",BUY,4610.55,4609.05,4612.8,4615.8,15,TP1_THEN_BREAKEVEN,4610.55,"2026-04-30T19:50:00.000Z",0.74,7.43,"4/4 (1H Displacement + 5M Bullish FVG + DXY Inverse + London/NY)"
SUPREME,452,"2026-05-02T21:40:00.000Z",SELL,4601.69,4603.19,4599.44,4596.44,15,TP1_AND_TP2_HIT,4596.44,"2026-05-02T22:05:00.000Z",2.49,24.93,"4/4 (1H Displacement + 5M Bearish FVG + DXY Inverse + London/NY)"
SCALP,9,"2026-05-02T22:55:00.000Z",BUY,4598.9,4595.87,4601.03,4601.03,30,SL_HIT,4595.87,"2026-05-03T02:15:00.000Z",-1.01,-5.07,"3/4 (Asian Low Sweep + 1M Rejection + Mid TP)"
SUPREME,454,"2026-05-03T18:10:00.000Z",SELL,4616.9,4618.9,4613.9,4609.9,20,FULL_STOP_LOSS,4618.9,"2026-05-03T19:25:00.000Z",-1.01,-10.07,"4/4 (1H Displacement + 5M Bearish FVG + DXY Inverse + London/NY)"
SUPREME,453,"2026-05-03T22:25:00.000Z",BUY,4611.72,4607.22,4618.47,4627.47,45,TP1_THEN_BREAKEVEN,4611.72,"2026-05-03T22:50:00.000Z",0.74,7.43,"4/4 (1H Displacement + 5M Bullish FVG + DXY Inverse + London/NY)"
SUPREME,455,"2026-05-04T14:25:00.000Z",SELL,4570.99,4575.49,4564.24,4555.24,45,FULL_STOP_LOSS,4575.49,"2026-05-04T14:35:00.000Z",-1.01,-10.07,"4/4 (1H Displacement + 5M Bearish FVG + DXY Inverse + London/NY)"
SUPREME,456,"2026-05-05T11:30:00.000Z",SELL,4549.88,4551.74,4547.09,4543.37,19,FULL_STOP_LOSS,4551.74,"2026-05-05T11:35:00.000Z",-1.01,-10.07,"4/4 (1H Displacement + 5M Bearish FVG + DXY Inverse + London/NY)"
SUPREME,457,"2026-05-05T14:15:00.000Z",BUY,4564.63,4560.13,4571.38,4580.38,45,TP1_THEN_BREAKEVEN,4564.63,"2026-05-05T15:40:00.000Z",0.74,7.43,"4/4 (1H Displacement + 5M Bullish FVG + DXY Inverse + London/NY)"
SUPREME,458,"2026-05-05T23:00:00.000Z",SELL,4563.52,4565.02,4561.27,4558.27,15,FULL_STOP_LOSS,4565.02,"2026-05-05T23:05:00.000Z",-1.01,-10.07,"4/4 (1H Displacement + 5M Bearish FVG + DXY Inverse + London/NY)"
SUPREME,459,"2026-05-06T12:20:00.000Z",BUY,4661.66,4657.16,4668.41,4677.41,45,TP1_AND_TP2_HIT,4677.41,"2026-05-06T13:00:00.000Z",2.49,24.93,"4/4 (1H Displacement + 5M Bullish FVG + DXY Inverse + London/NY)"
SUPREME,460,"2026-05-07T01:15:00.000Z",SELL,4697.88,4699.38,4695.63,4692.63,15,FULL_STOP_LOSS,4699.38,"2026-05-07T01:20:00.000Z",-1.01,-10.07,"4/4 (1H Displacement + 5M Bearish FVG + DXY Inverse + London/NY)"
SUPREME,461,"2026-05-07T15:40:00.000Z",BUY,4732.25,4727.75,4739,4748,45,FULL_STOP_LOSS,4727.75,"2026-05-07T15:45:00.000Z",-1.01,-10.07,"4/4 (1H Displacement + 5M Bullish FVG + DXY Inverse + London/NY)"
SUPREME,462,"2026-05-08T11:00:00.000Z",BUY,4712.38,4708.94,4717.54,4724.42,34,TP1_THEN_BREAKEVEN,4712.38,"2026-05-08T11:10:00.000Z",0.74,7.43,"4/4 (1H Displacement + 5M Bullish FVG + DXY Inverse + London/NY)"
SUPREME,463,"2026-05-08T14:15:00.000Z",BUY,4723.4,4718.9,4730.15,4739.15,45,FULL_STOP_LOSS,4718.9,"2026-05-08T14:20:00.000Z",-1.01,-10.07,"4/4 (1H Displacement + 5M Bullish FVG + DXY Inverse + London/NY)"
SUPREME,464,"2026-05-09T03:35:00.000Z",BUY,4705.3,4703.8,4707.55,4710.55,15,TP1_PARTIAL,4707.55,"2026-05-09T03:45:00.000Z",-1.01,-10.07,"4/4 (1H Displacement + 5M Bullish FVG + DXY Inverse + London/NY)"
SUPREME,466,"2026-05-10T18:45:00.000Z",BUY,4719.78,4718.28,4722.03,4725.03,15,FULL_STOP_LOSS,4718.28,"2026-05-10T18:50:00.000Z",-1.01,-10.07,"4/4 (1H Displacement + 5M Bullish FVG + DXY Inverse + London/NY)"
SUPREME,465,"2026-05-10T20:35:00.000Z",BUY,4705.3,4703.8,4707.55,4710.55,15,TP1_THEN_BREAKEVEN,4705.3,"2026-05-10T20:45:00.000Z",0.74,7.43,"4/4 (1H Displacement + 5M Bullish FVG + DXY Inverse + London/NY)"
SUPREME,467,"2026-05-11T19:55:00.000Z",SELL,4723.8,4725.3,4721.55,4718.55,15,FULL_STOP_LOSS,4725.3,"2026-05-11T20:00:00.000Z",-1.01,-10.07,"4/4 (1H Displacement + 5M Bearish FVG + DXY Inverse + London/NY)"
SUPREME,468,"2026-05-12T01:40:00.000Z",BUY,4715.58,4713.88,4718.13,4721.53,17,TP1_AND_TP2_HIT,4721.53,"2026-05-12T02:10:00.000Z",2.49,24.93,"4/4 (1H Displacement + 5M Bullish FVG + DXY Inverse + London/NY)"
SUPREME,469,"2026-05-12T10:05:00.000Z",SELL,4696.62,4698.12,4694.37,4691.37,15,FULL_STOP_LOSS,4698.12,"2026-05-12T10:10:00.000Z",-1.01,-10.07,"4/4 (1H Displacement + 5M Bearish FVG + DXY Inverse + London/NY)"
SUPREME,470,"2026-05-12T13:05:00.000Z",BUY,4692,4689.39,4695.91,4701.13,26,FULL_STOP_LOSS,4689.39,"2026-05-12T13:10:00.000Z",-1.01,-10.07,"4/4 (1H Displacement + 5M Bullish FVG + DXY Inverse + London/NY)"
SUPREME,471,"2026-05-12T18:05:00.000Z",SELL,4676.02,4680.52,4669.27,4660.27,45,FULL_STOP_LOSS,4680.52,"2026-05-12T18:20:00.000Z",-1.01,-10.07,"4/4 (1H Displacement + 5M Bearish FVG + DXY Inverse + London/NY)"
SUPREME,472,"2026-05-13T16:20:00.000Z",SELL,4693.51,4698.01,4686.76,4677.76,45,FULL_STOP_LOSS,4698.01,"2026-05-13T16:25:00.000Z",-1.01,-10.07,"4/4 (1H Displacement + 5M Bearish FVG + DXY Inverse + London/NY)"
SUPREME,473,"2026-05-13T18:05:00.000Z",BUY,4683.31,4678.81,4690.06,4699.06,45,FULL_STOP_LOSS,4678.81,"2026-05-13T18:45:00.000Z",-1.01,-10.07,"4/4 (1H Displacement + 5M Bullish FVG + DXY Inverse + London/NY)"
SUPREME,474,"2026-05-13T20:35:00.000Z",SELL,4682.55,4687.05,4675.8,4666.8,45,FULL_STOP_LOSS,4687.05,"2026-05-13T22:15:00.000Z",-1.01,-10.07,"4/4 (1H Displacement + 5M Bearish FVG + DXY Inverse + London/NY)"
SUPREME,475,"2026-05-15T10:55:00.000Z",SELL,4571.13,4572.68,4568.81,4565.7,16,FULL_STOP_LOSS,4572.68,"2026-05-15T11:00:00.000Z",-1.01,-10.07,"4/4 (1H Displacement + 5M Bearish FVG + DXY Inverse + London/NY)"
SUPREME,476,"2026-05-15T20:25:00.000Z",BUY,4542.34,4538.31,4548.39,4556.44,40,SL_HIT,4538.31,"2026-05-15T20:25:00.000Z",-1.01,-10.07,"4/4 (1H Displacement + 5M Bullish FVG + DXY Inverse + London/NY)"
SUPREME,477,"2026-05-16T15:35:00.000Z",SELL,4536.56,4538.06,4534.31,4531.31,15,TP1_THEN_BREAKEVEN,4536.56,"2026-05-16T18:40:00.000Z",0.74,7.43,"4/4 (1H Displacement + 5M Bearish FVG + DXY Inverse + London/NY)"
SUPREME,478,"2026-05-16T21:10:00.000Z",BUY,4535.17,4533.67,4537.42,4540.42,15,FULL_STOP_LOSS,4533.67,"2026-05-16T21:20:00.000Z",-1.01,-10.07,"4/4 (1H Displacement + 5M Bullish FVG + DXY Inverse + London/NY)"
SUPREME,480,"2026-05-17T14:05:00.000Z",BUY,4538.68,4537.18,4540.93,4543.93,15,FULL_STOP_LOSS,4537.18,"2026-05-17T14:15:00.000Z",-1.01,-10.07,"4/4 (1H Displacement + 5M Bullish FVG + DXY Inverse + London/NY)"
SUPREME,479,"2026-05-17T19:15:00.000Z",BUY,4532.94,4531.21,4535.53,4538.99,17,FULL_STOP_LOSS,4531.21,"2026-05-17T19:20:00.000Z",-1.01,-10.07,"4/4 (1H Displacement + 5M Bullish FVG + DXY Inverse + London/NY)"
SUPREME,481,"2026-05-17T22:05:00.000Z",SELL,4545.27,4546.77,4543.02,4540.02,15,FULL_STOP_LOSS,4546.77,"2026-05-17T22:10:00.000Z",-1.01,-10.07,"4/4 (1H Displacement + 5M Bearish FVG + DXY Inverse + London/NY)"
SUPREME,482,"2026-05-18T11:40:00.000Z",SELL,4550.96,4552.46,4548.71,4545.71,15,FULL_STOP_LOSS,4552.46,"2026-05-18T11:45:00.000Z",-1.01,-10.07,"4/4 (1H Displacement + 5M Bearish FVG + DXY Inverse + London/NY)"
SUPREME,483,"2026-05-18T14:25:00.000Z",BUY,4557.07,4552.57,4563.82,4572.82,45,FULL_STOP_LOSS,4552.57,"2026-05-18T14:30:00.000Z",-1.01,-10.07,"4/4 (1H Displacement + 5M Bullish FVG + DXY Inverse + London/NY)"
SUPREME,484,"2026-05-18T18:05:00.000Z",BUY,4544.6,4541.46,4549.31,4555.59,31,FULL_STOP_LOSS,4541.46,"2026-05-18T18:15:00.000Z",-1.01,-10.07,"4/4 (1H Displacement + 5M Bullish FVG + DXY Inverse + London/NY)"
SUPREME,485,"2026-05-19T11:00:00.000Z",SELL,4542.42,4543.92,4540.17,4537.17,15,TP1_AND_TP2_HIT,4537.17,"2026-05-19T11:15:00.000Z",2.49,24.93,"4/4 (1H Displacement + 5M Bearish FVG + DXY Inverse + London/NY)"
SUPREME,486,"2026-05-20T00:35:00.000Z",SELL,4504.72,4506.22,4502.47,4499.47,15,FULL_STOP_LOSS,4506.22,"2026-05-20T00:40:00.000Z",-1.01,-10.07,"4/4 (1H Displacement + 5M Bearish FVG + DXY Inverse + London/NY)"
SUPREME,487,"2026-05-20T13:45:00.000Z",BUY,4490.69,4486.19,4497.44,4506.44,45,FULL_STOP_LOSS,4486.19,"2026-05-20T13:55:00.000Z",-1.01,-10.07,"4/4 (1H Displacement + 5M Bullish FVG + DXY Inverse + London/NY)"
SUPREME,488,"2026-05-20T14:20:00.000Z",SELL,4499.66,4501.16,4497.41,4494.41,15,FULL_STOP_LOSS,4501.16,"2026-05-20T14:25:00.000Z",-1.01,-10.07,"4/4 (1H Displacement + 5M Bearish FVG + DXY Inverse + London/NY)"
SUPREME,489,"2026-05-21T17:20:00.000Z",SELL,4532.01,4533.51,4529.76,4526.76,15,FULL_STOP_LOSS,4533.51,"2026-05-21T17:25:00.000Z",-1.01,-10.07,"4/4 (1H Displacement + 5M Bearish FVG + DXY Inverse + London/NY)"
SUPREME,490,"2026-05-22T10:35:00.000Z",BUY,4516.92,4515.42,4519.17,4522.17,15,FULL_STOP_LOSS,4515.42,"2026-05-22T10:40:00.000Z",-1.01,-10.07,"4/4 (1H Displacement + 5M Bullish FVG + DXY Inverse + London/NY)"
SUPREME,491,"2026-05-22T16:35:00.000Z",SELL,4518.16,4521.67,4512.89,4505.87,35,TP1_THEN_BREAKEVEN,4518.16,"2026-05-22T17:25:00.000Z",0.74,7.43,"4/4 (1H Displacement + 5M Bearish FVG + DXY Inverse + London/NY)"
SUPREME,492,"2026-05-23T13:25:00.000Z",SELL,4503.85,4505.35,4501.6,4498.6,15,FULL_STOP_LOSS,4505.35,"2026-05-23T14:15:00.000Z",-1.01,-10.07,"4/4 (1H Displacement + 5M Bearish FVG + DXY Inverse + London/NY)"
SUPREME,495,"2026-05-24T17:20:00.000Z",BUY,4521,4519.5,4523.25,4526.25,15,FULL_STOP_LOSS,4519.5,"2026-05-24T17:35:00.000Z",-1.01,-10.07,"4/4 (1H Displacement + 5M Bullish FVG + DXY Inverse + London/NY)"
SUPREME,493,"2026-05-24T22:05:00.000Z",SELL,4545.91,4547.41,4543.66,4540.66,15,FULL_STOP_LOSS,4547.41,"2026-05-24T22:10:00.000Z",-1.01,-10.07,"4/4 (1H Displacement + 5M Bearish FVG + DXY Inverse + London/NY)"
SUPREME,494,"2026-05-24T22:05:00.000Z",SELL,4545.91,4547.41,4543.66,4540.66,15,FULL_STOP_LOSS,4547.41,"2026-05-24T22:10:00.000Z",-1.01,-10.07,"4/4 (1H Displacement + 5M Bearish FVG + DXY Inverse + London/NY)"
SUPREME,496,"2026-05-25T12:20:00.000Z",BUY,4548.41,4546.91,4550.66,4553.66,15,TP1_AND_TP2_HIT,4553.66,"2026-05-25T12:30:00.000Z",2.49,24.93,"4/4 (1H Displacement + 5M Bullish FVG + DXY Inverse + London/NY)"
SUPREME,497,"2026-05-25T13:10:00.000Z",SELL,4560.44,4562.23,4557.75,4554.17,18,TP1_THEN_BREAKEVEN,4560.44,"2026-05-25T14:05:00.000Z",0.74,7.43,"4/4 (1H Displacement + 5M Bearish FVG + DXY Inverse + London/NY)"
SUPREME,498,"2026-05-25T17:50:00.000Z",BUY,4558.67,4557.17,4560.92,4563.92,15,TP1_AND_TP2_HIT,4563.92,"2026-05-25T22:00:00.000Z",2.49,24.93,"4/4 (1H Displacement + 5M Bullish FVG + DXY Inverse + London/NY)"
SUPREME,499,"2026-05-26T10:30:00.000Z",SELL,4530.67,4532.51,4527.91,4524.23,18,FULL_STOP_LOSS,4532.51,"2026-05-26T10:35:00.000Z",-1.01,-10.07,"4/4 (1H Displacement + 5M Bearish FVG + DXY Inverse + London/NY)"
SUPREME,500,"2026-05-26T23:30:00.000Z",SELL,4513.55,4515.05,4511.3,4508.3,15,FULL_STOP_LOSS,4515.05,"2026-05-26T23:35:00.000Z",-1.01,-10.07,"4/4 (1H Displacement + 5M Bearish FVG + DXY Inverse + London/NY)"
SUPREME,501,"2026-05-27T06:20:00.000Z",BUY,4494.74,4491.24,4499.99,4506.99,35,FULL_STOP_LOSS,4491.24,"2026-05-27T06:25:00.000Z",-1.01,-10.07,"4/4 (1H Displacement + 5M Bullish FVG + DXY Inverse + London/NY)"
SUPREME,502,"2026-05-27T10:30:00.000Z",BUY,4479.38,4477.88,4481.63,4484.63,15,FULL_STOP_LOSS,4477.88,"2026-05-27T10:35:00.000Z",-1.01,-10.07,"4/4 (1H Displacement + 5M Bullish FVG + DXY Inverse + London/NY)"
SUPREME,503,"2026-05-28T12:40:00.000Z",SELL,4402.12,4403.62,4399.87,4396.87,15,FULL_STOP_LOSS,4403.62,"2026-05-28T12:45:00.000Z",-1.01,-10.07,"4/4 (1H Displacement + 5M Bearish FVG + DXY Inverse + London/NY)"
SUPREME,504,"2026-05-29T01:10:00.000Z",SELL,4500.46,4501.96,4498.21,4495.21,15,FULL_STOP_LOSS,4501.96,"2026-05-29T01:15:00.000Z",-1.01,-10.07,"4/4 (1H Displacement + 5M Bearish FVG + DXY Inverse + London/NY)"
SUPREME,505,"2026-05-29T13:50:00.000Z",SELL,4528.22,4530.82,4524.32,4519.12,26,FULL_STOP_LOSS,4530.82,"2026-05-29T13:55:00.000Z",-1.01,-10.07,"4/4 (1H Displacement + 5M Bearish FVG + DXY Inverse + London/NY)"
SUPREME,507,"2026-05-29T19:10:00.000Z",SELL,4548.64,4551.56,4544.26,4538.42,29,TP1_AND_TP2_HIT,4538.42,"2026-05-29T19:55:00.000Z",2.49,24.93,"4/4 (1H Displacement + 5M Bearish FVG + DXY Inverse + London/NY)"
SUPREME,506,"2026-05-29T19:55:00.000Z",BUY,4539.51,4535.01,4546.26,4555.26,45,FULL_STOP_LOSS,4535.01,"2026-05-29T20:30:00.000Z",-1.01,-10.07,"4/4 (1H Displacement + 5M Bullish FVG + DXY Inverse + London/NY)"
SUPREME,508,"2026-05-30T12:00:00.000Z",BUY,4530.33,4527.77,4534.17,4539.29,26,FULL_STOP_LOSS,4527.77,"2026-05-30T13:35:00.000Z",-1.01,-10.07,"4/4 (1H Displacement + 5M Bullish FVG + DXY Inverse + London/NY)"
SUPREME,509,"2026-05-31T13:50:00.000Z",BUY,4532.37,4530.87,4534.62,4537.62,15,FULL_STOP_LOSS,4530.87,"2026-05-31T14:15:00.000Z",-1.01,-10.07,"4/4 (1H Displacement + 5M Bullish FVG + DXY Inverse + London/NY)"
SCALP,10,"2026-05-31T20:35:00.000Z",BUY,4531.25,4528.79,4533.67,4533.67,25,SL_HIT,4528.79,"2026-05-31T21:00:00.000Z",-1.01,-5.07,"3/4 (Asian Low Sweep + 1M Rejection + Mid TP)"
SUPREME,510,"2026-05-31T21:45:00.000Z",SELL,4531.28,4534.41,4526.58,4520.32,31,TP1_THEN_BREAKEVEN,4531.28,"2026-05-31T22:00:00.000Z",0.74,7.43,"4/4 (1H Displacement + 5M Bearish FVG + DXY Inverse + London/NY)"
SUPREME,511,"2026-06-01T13:15:00.000Z",BUY,4483.15,4481.65,4485.4,4488.4,15,FULL_STOP_LOSS,4481.65,"2026-06-01T13:20:00.000Z",-1.01,-10.07,"4/4 (1H Displacement + 5M Bullish FVG + DXY Inverse + London/NY)"
SUPREME,512,"2026-06-02T01:55:00.000Z",BUY,4471.23,4468.54,4475.26,4480.64,27,TP1_THEN_BREAKEVEN,4471.23,"2026-06-02T02:05:00.000Z",0.74,7.43,"4/4 (1H Displacement + 5M Bullish FVG + DXY Inverse + London/NY)"
SUPREME,513,"2026-06-03T10:10:00.000Z",SELL,4457.88,4462.38,4451.13,4442.13,45,FULL_STOP_LOSS,4462.38,"2026-06-03T10:15:00.000Z",-1.01,-10.07,"4/4 (1H Displacement + 5M Bearish FVG + DXY Inverse + London/NY)"
SUPREME,514,"2026-06-03T14:20:00.000Z",SELL,4447.45,4451.95,4440.7,4431.7,45,FULL_STOP_LOSS,4451.95,"2026-06-03T14:50:00.000Z",-1.01,-10.07,"4/4 (1H Displacement + 5M Bearish FVG + DXY Inverse + London/NY)"
SUPREME,515,"2026-06-03T20:20:00.000Z",BUY,4436.06,4434.56,4438.31,4441.31,15,FULL_STOP_LOSS,4434.56,"2026-06-03T20:30:00.000Z",-1.01,-10.07,"4/4 (1H Displacement + 5M Bullish FVG + DXY Inverse + London/NY)"
SUPREME,517,"2026-06-04T14:45:00.000Z",BUY,4471.82,4470.32,4474.07,4477.07,15,FULL_STOP_LOSS,4470.32,"2026-06-04T14:50:00.000Z",-1.01,-10.07,"4/4 (1H Displacement + 5M Bullish FVG + DXY Inverse + London/NY)"
SUPREME,516,"2026-06-04T14:55:00.000Z",BUY,4460.4,4455.9,4467.15,4476.15,45,TP1_AND_TP2_HIT,4476.15,"2026-06-04T16:05:00.000Z",2.49,24.93,"4/4 (1H Displacement + 5M Bullish FVG + DXY Inverse + London/NY)"
SUPREME,518,"2026-06-04T21:45:00.000Z",BUY,4465.85,4462,4471.63,4479.33,39,TP1_THEN_BREAKEVEN,4465.85,"2026-06-04T22:45:00.000Z",0.74,7.43,"4/4 (1H Displacement + 5M Bullish FVG + DXY Inverse + London/NY)"
SUPREME,519,"2026-06-05T12:05:00.000Z",BUY,4458.1,4456.6,4460.35,4463.35,15,TP1_AND_TP2_HIT,4463.35,"2026-06-05T12:15:00.000Z",2.49,24.93,"4/4 (1H Displacement + 5M Bullish FVG + DXY Inverse + London/NY)"
SUPREME,520,"2026-06-05T21:35:00.000Z",SELL,4333.35,4337.85,4326.6,4317.6,45,TP1_AND_TP2_HIT,4317.6,"2026-06-06T02:30:00.000Z",2.49,24.93,"4/4 (1H Displacement + 5M Bearish FVG + DXY Inverse + London/NY)"
SUPREME,521,"2026-06-06T13:35:00.000Z",BUY,4295.57,4292.62,4299.99,4305.89,29,FULL_STOP_LOSS,4292.62,"2026-06-06T15:15:00.000Z",-1.01,-10.07,"4/4 (1H Displacement + 5M Bullish FVG + DXY Inverse + London/NY)"
SUPREME,522,"2026-06-06T17:35:00.000Z",SELL,4297.95,4299.45,4295.7,4292.7,15,TP1_THEN_BREAKEVEN,4297.95,"2026-06-06T18:25:00.000Z",0.74,7.43,"4/4 (1H Displacement + 5M Bearish FVG + DXY Inverse + London/NY)"
SUPREME,523,"2026-06-06T23:45:00.000Z",SELL,4297.74,4299.24,4295.49,4292.49,15,FULL_STOP_LOSS,4299.24,"2026-06-06T23:50:00.000Z",-1.01,-10.07,"4/4 (1H Displacement + 5M Bearish FVG + DXY Inverse + London/NY)"
SUPREME,524,"2026-06-07T09:50:00.000Z",BUY,4314.08,4310.79,4319.01,4325.59,33,FULL_STOP_LOSS,4310.79,"2026-06-07T10:35:00.000Z",-1.01,-10.07,"4/4 (1H Displacement + 5M Bullish FVG + DXY Inverse + London/NY)"
SUPREME,525,"2026-06-07T16:15:00.000Z",SELL,4308.92,4310.42,4306.67,4303.67,15,FULL_STOP_LOSS,4310.42,"2026-06-07T17:05:00.000Z",-1.01,-10.07,"4/4 (1H Displacement + 5M Bearish FVG + DXY Inverse + London/NY)"
SUPREME,526,"2026-06-07T19:05:00.000Z",BUY,4301.75,4300.25,4304,4307,15,FULL_STOP_LOSS,4300.25,"2026-06-07T19:10:00.000Z",-1.01,-10.07,"4/4 (1H Displacement + 5M Bullish FVG + DXY Inverse + London/NY)"
SUPREME,527,"2026-06-07T21:35:00.000Z",SELL,4311.54,4313.04,4309.29,4306.29,15,FULL_STOP_LOSS,4313.04,"2026-06-07T21:40:00.000Z",-1.01,-10.07,"4/4 (1H Displacement + 5M Bearish FVG + DXY Inverse + London/NY)"
SUPREME,528,"2026-06-08T10:35:00.000Z",SELL,4296.7,4298.2,4294.45,4291.45,15,FULL_STOP_LOSS,4298.2,"2026-06-08T10:40:00.000Z",-1.01,-10.07,"4/4 (1H Displacement + 5M Bearish FVG + DXY Inverse + London/NY)"
SUPREME,529,"2026-06-08T19:15:00.000Z",BUY,4323.09,4319.99,4327.74,4333.94,31,FULL_STOP_LOSS,4319.99,"2026-06-08T19:40:00.000Z",-1.01,-10.07,"4/4 (1H Displacement + 5M Bullish FVG + DXY Inverse + London/NY)"
SUPREME,530,"2026-06-09T03:20:00.000Z",SELL,4332.34,4335.74,4327.24,4320.44,34,TP1_AND_TP2_HIT,4320.44,"2026-06-09T04:30:00.000Z",2.49,24.93,"4/4 (1H Displacement + 5M Bearish FVG + DXY Inverse + London/NY)"
SUPREME,531,"2026-06-09T13:45:00.000Z",BUY,4321.08,4318.61,4324.78,4329.73,25,TP1_THEN_BREAKEVEN,4321.08,"2026-06-09T13:55:00.000Z",0.74,7.43,"4/4 (1H Displacement + 5M Bullish FVG + DXY Inverse + London/NY)"
SUPREME,532,"2026-06-10T12:35:00.000Z",SELL,4163.16,4167.66,4156.41,4147.41,45,FULL_STOP_LOSS,4167.66,"2026-06-10T12:40:00.000Z",-1.01,-10.07,"4/4 (1H Displacement + 5M Bearish FVG + DXY Inverse + London/NY)"
SUPREME,533,"2026-06-10T18:05:00.000Z",SELL,4123.91,4127.43,4118.63,4111.59,35,TP1_AND_TP2_HIT,4111.59,"2026-06-10T18:35:00.000Z",2.49,24.93,"4/4 (1H Displacement + 5M Bearish FVG + DXY Inverse + London/NY)"
SUPREME,535,"2026-06-11T13:50:00.000Z",SELL,4089.3,4093.21,4083.44,4075.62,39,FULL_STOP_LOSS,4093.21,"2026-06-11T13:55:00.000Z",-1.01,-10.07,"4/4 (1H Displacement + 5M Bearish FVG + DXY Inverse + London/NY)"
SUPREME,534,"2026-06-11T16:20:00.000Z",SELL,4098.9,4103.4,4092.15,4083.15,45,TP1_AND_TP2_HIT,4083.15,"2026-06-11T16:30:00.000Z",2.49,24.93,"4/4 (1H Displacement + 5M Bearish FVG + DXY Inverse + London/NY)"
SUPREME,537,"2026-06-12T13:40:00.000Z",SELL,4203.26,4206,4199.15,4193.67,27,TP1_AND_TP2_HIT,4193.67,"2026-06-12T13:50:00.000Z",2.49,24.93,"4/4 (1H Displacement + 5M Bearish FVG + DXY Inverse + London/NY)"
SUPREME,536,"2026-06-12T14:50:00.000Z",BUY,4179.91,4175.41,4186.66,4195.66,45,TP1_AND_TP2_HIT,4195.66,"2026-06-12T15:00:00.000Z",2.49,24.93,"4/4 (1H Displacement + 5M Bullish FVG + DXY Inverse + London/NY)"
SUPREME,538,"2026-06-13T06:55:00.000Z",SELL,4214.95,4216.45,4212.7,4209.7,15,FULL_STOP_LOSS,4216.45,"2026-06-13T07:25:00.000Z",-1.01,-10.07,"4/4 (1H Displacement + 5M Bearish FVG + DXY Inverse + London/NY)"
SUPREME,539,"2026-06-13T14:30:00.000Z",BUY,4213.63,4212.13,4215.88,4218.88,15,TP1_AND_TP2_HIT,4218.88,"2026-06-13T15:20:00.000Z",2.49,24.93,"4/4 (1H Displacement + 5M Bullish FVG + DXY Inverse + London/NY)"
SUPREME,540,"2026-06-13T16:55:00.000Z",BUY,4220.84,4216.34,4227.59,4236.59,45,FULL_STOP_LOSS,4216.34,"2026-06-13T18:05:00.000Z",-1.01,-10.07,"4/4 (1H Displacement + 5M Bullish FVG + DXY Inverse + London/NY)"
SUPREME,541,"2026-06-14T09:20:00.000Z",BUY,4229.64,4227.51,4232.84,4237.1,21,TP1_THEN_BREAKEVEN,4229.64,"2026-06-14T09:55:00.000Z",0.74,7.43,"4/4 (1H Displacement + 5M Bullish FVG + DXY Inverse + London/NY)"
SUPREME,542,"2026-06-14T15:00:00.000Z",SELL,4228.67,4230.17,4226.42,4223.42,15,FULL_STOP_LOSS,4230.17,"2026-06-14T15:05:00.000Z",-1.01,-10.07,"4/4 (1H Displacement + 5M Bearish FVG + DXY Inverse + London/NY)"
SUPREME,543,"2026-06-14T20:55:00.000Z",SELL,4229.41,4230.91,4227.16,4224.16,15,TP1_THEN_BREAKEVEN,4229.41,"2026-06-14T21:10:00.000Z",0.74,7.43,"4/4 (1H Displacement + 5M Bearish FVG + DXY Inverse + London/NY)"
SUPREME,545,"2026-06-15T12:35:00.000Z",SELL,4335.93,4337.43,4333.68,4330.68,15,FULL_STOP_LOSS,4337.43,"2026-06-15T12:40:00.000Z",-1.01,-10.07,"4/4 (1H Displacement + 5M Bearish FVG + DXY Inverse + London/NY)"
SUPREME,544,"2026-06-15T20:25:00.000Z",BUY,4305.19,4303.69,4307.44,4310.44,15,FULL_STOP_LOSS,4303.69,"2026-06-15T20:30:00.000Z",-1.01,-10.07,"4/4 (1H Displacement + 5M Bullish FVG + DXY Inverse + London/NY)"
SUPREME,547,"2026-06-16T13:15:00.000Z",BUY,4335.85,4334.1,4338.48,4341.98,18,FULL_STOP_LOSS,4334.1,"2026-06-16T13:20:00.000Z",-1.01,-10.07,"4/4 (1H Displacement + 5M Bullish FVG + DXY Inverse + London/NY)"
SUPREME,546,"2026-06-16T14:20:00.000Z",BUY,4314.59,4313.09,4316.84,4319.84,15,FULL_STOP_LOSS,4313.09,"2026-06-16T14:25:00.000Z",-1.01,-10.07,"4/4 (1H Displacement + 5M Bullish FVG + DXY Inverse + London/NY)"
SUPREME,548,"2026-06-16T17:15:00.000Z",BUY,4328.37,4323.87,4335.12,4344.12,45,FULL_STOP_LOSS,4323.87,"2026-06-16T17:20:00.000Z",-1.01,-10.07,"4/4 (1H Displacement + 5M Bullish FVG + DXY Inverse + London/NY)"
SUPREME,549,"2026-06-17T01:05:00.000Z",SELL,4334.97,4336.47,4332.72,4329.72,15,FULL_STOP_LOSS,4336.47,"2026-06-17T01:10:00.000Z",-1.01,-10.07,"4/4 (1H Displacement + 5M Bearish FVG + DXY Inverse + London/NY)"
SUPREME,550,"2026-06-17T09:30:00.000Z",SELL,4323.91,4325.41,4321.66,4318.66,15,TP1_THEN_BREAKEVEN,4323.91,"2026-06-17T10:45:00.000Z",0.74,7.43,"4/4 (1H Displacement + 5M Bearish FVG + DXY Inverse + London/NY)"
SUPREME,551,"2026-06-17T12:50:00.000Z",SELL,4325.88,4327.38,4323.63,4320.63,15,FULL_STOP_LOSS,4327.38,"2026-06-17T12:55:00.000Z",-1.01,-10.07,"4/4 (1H Displacement + 5M Bearish FVG + DXY Inverse + London/NY)"
SUPREME,552,"2026-06-17T18:05:00.000Z",BUY,4309.89,4308.39,4312.14,4315.14,15,FULL_STOP_LOSS,4308.39,"2026-06-17T18:10:00.000Z",-1.01,-10.07,"4/4 (1H Displacement + 5M Bullish FVG + DXY Inverse + London/NY)"
SUPREME,553,"2026-06-17T18:05:00.000Z",BUY,4309.89,4308.39,4312.14,4315.14,15,FULL_STOP_LOSS,4308.39,"2026-06-17T18:10:00.000Z",-1.01,-10.07,"4/4 (1H Displacement + 5M Bullish FVG + DXY Inverse + London/NY)"
SUPREME,554,"2026-06-18T12:25:00.000Z",SELL,4258.13,4259.63,4255.88,4252.88,15,TP1_AND_TP2_HIT,4252.88,"2026-06-18T12:35:00.000Z",2.49,24.93,"4/4 (1H Displacement + 5M Bearish FVG + DXY Inverse + London/NY)"
SUPREME,555,"2026-06-19T10:10:00.000Z",BUY,4154.41,4149.91,4161.16,4170.16,45,FULL_STOP_LOSS,4149.91,"2026-06-19T10:30:00.000Z",-1.01,-10.07,"4/4 (1H Displacement + 5M Bullish FVG + DXY Inverse + London/NY)"
SUPREME,556,"2026-06-19T14:20:00.000Z",BUY,4146.49,4142.1,4153.07,4161.85,44,TP1_THEN_BREAKEVEN,4146.49,"2026-06-19T16:05:00.000Z",0.74,7.43,"4/4 (1H Displacement + 5M Bullish FVG + DXY Inverse + London/NY)"
SUPREME,557,"2026-06-20T11:30:00.000Z",SELL,4154.08,4157.44,4149.04,4142.32,34,TP1_THEN_BREAKEVEN,4154.08,"2026-06-20T14:45:00.000Z",0.74,7.43,"4/4 (1H Displacement + 5M Bearish FVG + DXY Inverse + London/NY)"
SUPREME,558,"2026-06-20T14:50:00.000Z",SELL,4158.84,4160.34,4156.59,4153.59,15,TP1_THEN_BREAKEVEN,4158.84,"2026-06-20T15:15:00.000Z",0.74,7.43,"4/4 (1H Displacement + 5M Bearish FVG + DXY Inverse + London/NY)"
SUPREME,560,"2026-06-21T12:55:00.000Z",SELL,4159.99,4161.49,4157.74,4154.74,15,FULL_STOP_LOSS,4161.49,"2026-06-21T13:10:00.000Z",-1.01,-10.07,"4/4 (1H Displacement + 5M Bearish FVG + DXY Inverse + London/NY)"
SUPREME,559,"2026-06-21T13:20:00.000Z",SELL,4163.56,4165.06,4161.31,4158.31,15,TP1_THEN_BREAKEVEN,4163.56,"2026-06-21T14:15:00.000Z",0.74,7.43,"4/4 (1H Displacement + 5M Bearish FVG + DXY Inverse + London/NY)"
SUPREME,561,"2026-06-21T15:25:00.000Z",SELL,4162.83,4164.33,4160.58,4157.58,15,TP1_THEN_BREAKEVEN,4162.83,"2026-06-21T19:20:00.000Z",0.74,7.43,"4/4 (1H Displacement + 5M Bearish FVG + DXY Inverse + London/NY)"
SUPREME,562,"2026-06-22T13:00:00.000Z",BUY,4189.84,4188.34,4192.09,4195.09,15,FULL_STOP_LOSS,4188.34,"2026-06-22T13:05:00.000Z",-1.01,-10.07,"4/4 (1H Displacement + 5M Bullish FVG + DXY Inverse + London/NY)"
SUPREME,563,"2026-06-22T14:10:00.000Z",SELL,4202.35,4203.85,4200.1,4197.1,15,TP1_AND_TP2_HIT,4197.1,"2026-06-22T14:20:00.000Z",2.49,24.93,"4/4 (1H Displacement + 5M Bearish FVG + DXY Inverse + London/NY)"
SUPREME,564,"2026-06-23T01:05:00.000Z",SELL,4184.91,4189.41,4178.16,4169.16,45,TP1_AND_TP2_HIT,4169.16,"2026-06-23T01:20:00.000Z",2.49,24.93,"4/4 (1H Displacement + 5M Bearish FVG + DXY Inverse + London/NY)"
SUPREME,565,"2026-06-23T13:05:00.000Z",BUY,4107.36,4104.82,4111.17,4116.25,25,TP1_THEN_BREAKEVEN,4107.36,"2026-06-23T13:15:00.000Z",0.74,7.43,"4/4 (1H Displacement + 5M Bullish FVG + DXY Inverse + London/NY)"
SUPREME,566,"2026-06-24T16:40:00.000Z",SELL,4017.29,4021.79,4010.54,4001.54,45,TP1_AND_TP2_HIT,4001.54,"2026-06-24T17:15:00.000Z",2.49,24.93,"4/4 (1H Displacement + 5M Bearish FVG + DXY Inverse + London/NY)"
SUPREME,567,"2026-06-25T09:40:00.000Z",BUY,3994.07,3989.57,4000.82,4009.82,45,FULL_STOP_LOSS,3989.57,"2026-06-25T10:00:00.000Z",-1.01,-10.07,"4/4 (1H Displacement + 5M Bullish FVG + DXY Inverse + London/NY)"
SUPREME,569,"2026-06-25T20:05:00.000Z",SELL,4029.14,4032.73,4023.75,4016.57,36,TP1_THEN_BREAKEVEN,4029.14,"2026-06-25T21:30:00.000Z",0.74,7.43,"4/4 (1H Displacement + 5M Bearish FVG + DXY Inverse + London/NY)"
SUPREME,568,"2026-06-26T00:10:00.000Z",BUY,4013.9,4009.4,4020.65,4029.65,45,TP1_THEN_BREAKEVEN,4013.9,"2026-06-26T00:25:00.000Z",0.74,7.43,"4/4 (1H Displacement + 5M Bullish FVG + DXY Inverse + London/NY)"
SUPREME,570,"2026-06-26T12:45:00.000Z",BUY,4036.08,4031.58,4042.83,4051.83,45,TP1_AND_TP2_HIT,4051.83,"2026-06-26T12:55:00.000Z",2.49,24.93,"4/4 (1H Displacement + 5M Bullish FVG + DXY Inverse + London/NY)"
SUPREME,571,"2026-06-26T21:00:00.000Z",SELL,4084.01,4085.99,4081.04,4077.08,20,TP1_THEN_BREAKEVEN,4084.01,"2026-06-26T23:25:00.000Z",0.74,7.43,"4/4 (1H Displacement + 5M Bearish FVG + DXY Inverse + London/NY)"
SCALP,11,"2026-06-27T20:25:00.000Z",BUY,4075.78,4073.24,4078.22,4078.22,25,TP_EQUILIBRIUM,4078.22,"2026-06-27T21:25:00.000Z",1.19,5.93,"3/4 (Asian Low Sweep + 1M Rejection + Mid TP)"
SUPREME,572,"2026-06-27T21:35:00.000Z",SELL,4079.22,4081.94,4075.14,4069.7,27,TP1_PARTIAL,4075.14,"2026-06-27T21:55:00.000Z",-1.01,-10.07,"4/4 (1H Displacement + 5M Bearish FVG + DXY Inverse + London/NY)"
SUPREME,573,"2026-06-28T20:00:00.000Z",SELL,4073.43,4074.93,4071.18,4068.18,15,FULL_STOP_LOSS,4074.93,"2026-06-28T20:10:00.000Z",-1.01,-10.07,"4/4 (1H Displacement + 5M Bearish FVG + DXY Inverse + London/NY)"
SCALP,12,"2026-06-28T21:15:00.000Z",SELL,4076.32,4079.24,4074.47,4074.47,29,TP_EQUILIBRIUM,4074.47,"2026-06-28T21:50:00.000Z",1.19,5.93,"3/4 (Asian High Sweep + 1M Rejection + Mid TP)"
SUPREME,574,"2026-06-29T13:00:00.000Z",BUY,4040.82,4039.32,4043.07,4046.07,15,TP1_AND_TP2_HIT,4046.07,"2026-06-29T13:10:00.000Z",2.49,24.93,"4/4 (1H Displacement + 5M Bullish FVG + DXY Inverse + London/NY)"
SUPREME,575,"2026-06-29T21:45:00.000Z",SELL,4020.5,4023.51,4015.98,4009.96,30,TP1_THEN_BREAKEVEN,4020.5,"2026-06-29T22:10:00.000Z",0.74,7.43,"4/4 (1H Displacement + 5M Bearish FVG + DXY Inverse + London/NY)"
SUPREME,576,"2026-06-30T10:20:00.000Z",SELL,4024.46,4028.96,4017.71,4008.71,45,FULL_STOP_LOSS,4028.96,"2026-06-30T10:45:00.000Z",-1.01,-10.07,"4/4 (1H Displacement + 5M Bearish FVG + DXY Inverse + London/NY)"
SUPREME,577,"2026-06-30T12:00:00.000Z",BUY,4032.46,4028.74,4038.04,4045.48,37,FULL_STOP_LOSS,4028.74,"2026-06-30T12:05:00.000Z",-1.01,-10.07,"4/4 (1H Displacement + 5M Bullish FVG + DXY Inverse + London/NY)"
SUPREME,578,"2026-06-30T20:05:00.000Z",BUY,4017.22,4013.48,4022.83,4030.31,37,FULL_STOP_LOSS,4013.48,"2026-06-30T20:25:00.000Z",-1.01,-10.07,"4/4 (1H Displacement + 5M Bullish FVG + DXY Inverse + London/NY)"
SUPREME,579,"2026-07-02T01:05:00.000Z",SELL,4062.27,4066.51,4055.91,4047.43,42,TP1_AND_TP2_HIT,4047.43,"2026-07-02T01:30:00.000Z",2.49,24.93,"4/4 (1H Displacement + 5M Bearish FVG + DXY Inverse + London/NY)"
SUPREME,580,"2026-07-02T10:20:00.000Z",BUY,4064.85,4060.73,4071.03,4079.27,41,FULL_STOP_LOSS,4060.73,"2026-07-02T10:50:00.000Z",-1.01,-10.07,"4/4 (1H Displacement + 5M Bullish FVG + DXY Inverse + London/NY)"
SUPREME,581,"2026-07-02T12:05:00.000Z",BUY,4065.82,4061.32,4072.57,4081.57,45,FULL_STOP_LOSS,4061.32,"2026-07-02T12:10:00.000Z",-1.01,-10.07,"4/4 (1H Displacement + 5M Bullish FVG + DXY Inverse + London/NY)"
SUPREME,582,"2026-07-02T19:15:00.000Z",BUY,4111.75,4107.25,4118.5,4127.5,45,FULL_STOP_LOSS,4107.25,"2026-07-02T19:20:00.000Z",-1.01,-10.07,"4/4 (1H Displacement + 5M Bullish FVG + DXY Inverse + London/NY)"
SUPREME,583,"2026-07-03T12:20:00.000Z",BUY,4170.76,4168.42,4174.27,4178.95,23,FULL_STOP_LOSS,4168.42,"2026-07-03T12:25:00.000Z",-1.01,-10.07,"4/4 (1H Displacement + 5M Bullish FVG + DXY Inverse + London/NY)"
SUPREME,585,"2026-07-03T22:15:00.000Z",BUY,4168.95,4167.45,4171.2,4174.2,15,FULL_STOP_LOSS,4167.45,"2026-07-03T22:30:00.000Z",-1.01,-10.07,"4/4 (1H Displacement + 5M Bullish FVG + DXY Inverse + London/NY)"
SUPREME,584,"2026-07-04T00:00:00.000Z",BUY,4169.02,4165.5,4174.3,4181.34,35,FULL_STOP_LOSS,4165.5,"2026-07-04T00:10:00.000Z",-1.01,-10.07,"4/4 (1H Displacement + 5M Bullish FVG + DXY Inverse + London/NY)"
SUPREME,587,"2026-07-04T17:05:00.000Z",BUY,4165.55,4164.05,4167.8,4170.8,15,TP1_AND_TP2_HIT,4170.8,"2026-07-04T17:45:00.000Z",2.49,24.93,"4/4 (1H Displacement + 5M Bullish FVG + DXY Inverse + London/NY)"
SUPREME,586,"2026-07-04T18:40:00.000Z",BUY,4164.58,4163.04,4166.89,4169.97,15,TP1_THEN_BREAKEVEN,4164.58,"2026-07-04T19:50:00.000Z",0.74,7.43,"4/4 (1H Displacement + 5M Bullish FVG + DXY Inverse + London/NY)"
SUPREME,588,"2026-07-04T19:15:00.000Z",SELL,4165.92,4167.76,4163.16,4159.48,18,FULL_STOP_LOSS,4167.76,"2026-07-04T21:40:00.000Z",-1.01,-10.07,"4/4 (1H Displacement + 5M Bearish FVG + DXY Inverse + London/NY)"
SCALP,13,"2026-07-06T00:30:00.000Z",SELL,4169.37,4172.15,4169.15,4169.15,28,SL_HIT,4172.15,"2026-07-06T00:35:00.000Z",-1.01,-5.07,"3/4 (Asian High Sweep + 1M Rejection + Mid TP)"
SUPREME,589,"2026-07-06T11:30:00.000Z",SELL,4151.38,4155.88,4144.63,4135.63,45,TP1_AND_TP2_HIT,4135.63,"2026-07-06T12:40:00.000Z",2.49,24.93,"4/4 (1H Displacement + 5M Bearish FVG + DXY Inverse + London/NY)"
SUPREME,590,"2026-07-06T13:35:00.000Z",SELL,4144.19,4148.69,4137.44,4128.44,45,TP1_AND_TP2_HIT,4128.44,"2026-07-06T14:40:00.000Z",2.49,24.93,"4/4 (1H Displacement + 5M Bearish FVG + DXY Inverse + London/NY)"
SUPREME,591,"2026-07-07T01:05:00.000Z",BUY,4143.27,4138.77,4150.02,4159.02,45,FULL_STOP_LOSS,4138.77,"2026-07-07T01:10:00.000Z",-1.01,-10.07,"4/4 (1H Displacement + 5M Bullish FVG + DXY Inverse + London/NY)"
SUPREME,592,"2026-07-07T09:05:00.000Z",SELL,4124.7,4126.88,4121.43,4117.07,22,FULL_STOP_LOSS,4126.88,"2026-07-07T09:15:00.000Z",-1.01,-10.07,"4/4 (1H Displacement + 5M Bearish FVG + DXY Inverse + London/NY)"
SUPREME,593,"2026-07-07T18:50:00.000Z",BUY,4130.9,4128.79,4134.06,4138.28,21,FULL_STOP_LOSS,4128.79,"2026-07-07T18:55:00.000Z",-1.01,-10.07,"4/4 (1H Displacement + 5M Bullish FVG + DXY Inverse + London/NY)"
SUPREME,594,"2026-07-08T14:40:00.000Z",BUY,4042.48,4040.98,4044.73,4047.73,15,FULL_STOP_LOSS,4040.98,"2026-07-08T14:45:00.000Z",-1.01,-10.07,"4/4 (1H Displacement + 5M Bullish FVG + DXY Inverse + London/NY)"
SUPREME,595,"2026-07-08T17:10:00.000Z",SELL,4063.91,4067.65,4058.3,4050.82,37,FULL_STOP_LOSS,4067.65,"2026-07-08T17:25:00.000Z",-1.01,-10.07,"4/4 (1H Displacement + 5M Bearish FVG + DXY Inverse + London/NY)"
SUPREME,596,"2026-07-09T01:05:00.000Z",BUY,4064.13,4061.54,4068.02,4073.2,26,TP1_THEN_BREAKEVEN,4064.13,"2026-07-09T01:25:00.000Z",0.74,7.43,"4/4 (1H Displacement + 5M Bullish FVG + DXY Inverse + London/NY)"
SUPREME,597,"2026-07-09T12:10:00.000Z",SELL,4110.53,4112.03,4108.28,4105.28,15,TP1_AND_TP2_HIT,4105.28,"2026-07-09T12:20:00.000Z",2.49,24.93,"4/4 (1H Displacement + 5M Bearish FVG + DXY Inverse + London/NY)"
SUPREME,598,"2026-07-10T03:10:00.000Z",SELL,4124.99,4127.65,4121,4115.68,27,TP1_AND_TP2_HIT,4115.68,"2026-07-10T03:20:00.000Z",2.49,24.93,"4/4 (1H Displacement + 5M Bearish FVG + DXY Inverse + London/NY)"
SUPREME,599,"2026-07-10T12:15:00.000Z",SELL,4108.88,4110.38,4106.63,4103.63,15,TP1_AND_TP2_HIT,4103.63,"2026-07-10T12:25:00.000Z",2.49,24.93,"4/4 (1H Displacement + 5M Bearish FVG + DXY Inverse + London/NY)"
SUPREME,600,"2026-07-10T19:05:00.000Z",BUY,4095.63,4092.98,4099.61,4104.91,27,TP1_AND_TP2_HIT,4104.91,"2026-07-10T20:00:00.000Z",2.49,24.93,"4/4 (1H Displacement + 5M Bullish FVG + DXY Inverse + London/NY)"
SUPREME,601,"2026-07-10T20:00:00.000Z",SELL,4103.79,4105.29,4101.54,4098.54,15,FULL_STOP_LOSS,4105.29,"2026-07-10T20:05:00.000Z",-1.01,-10.07,"4/4 (1H Displacement + 5M Bearish FVG + DXY Inverse + London/NY)"
SUPREME,602,"2026-07-11T17:45:00.000Z",SELL,4108.37,4112.87,4101.62,4092.62,45,TP1_PARTIAL,4101.62,"2026-07-11T23:30:00.000Z",-1.01,-10.07,"4/4 (1H Displacement + 5M Bearish FVG + DXY Inverse + London/NY)"
SUPREME,603,"2026-07-12T17:35:00.000Z",BUY,4097.55,4096.05,4099.8,4102.8,15,FULL_STOP_LOSS,4096.05,"2026-07-12T18:20:00.000Z",-1.01,-10.07,"4/4 (1H Displacement + 5M Bullish FVG + DXY Inverse + London/NY)"
SCALP,14,"2026-07-12T22:00:00.000Z",BUY,4096.06,4093.62,4098.09,4098.09,24,SL_HIT,4093.62,"2026-07-12T22:05:00.000Z",-1.01,-5.07,"3/4 (Asian Low Sweep + 1M Rejection + Mid TP)"
SUPREME,604,"2026-07-13T10:45:00.000Z",BUY,4049.89,4048.39,4052.14,4055.14,15,TP1_AND_TP2_HIT,4055.14,"2026-07-13T10:55:00.000Z",2.49,24.93,"4/4 (1H Displacement + 5M Bullish FVG + DXY Inverse + London/NY)"
SUPREME,605,"2026-07-14T02:15:00.000Z",SELL,4014.62,4016.12,4012.37,4009.37,15,TP1_THEN_BREAKEVEN,4014.62,"2026-07-14T02:30:00.000Z",0.74,7.43,"4/4 (1H Displacement + 5M Bearish FVG + DXY Inverse + London/NY)"
SUPREME,606,"2026-07-14T11:25:00.000Z",SELL,4023.94,4025.44,4021.69,4018.69,15,FULL_STOP_LOSS,4025.44,"2026-07-14T11:35:00.000Z",-1.01,-10.07,"4/4 (1H Displacement + 5M Bearish FVG + DXY Inverse + London/NY)"
SUPREME,607,"2026-07-14T21:40:00.000Z",SELL,4054.26,4055.76,4052.01,4049.01,15,TP1_AND_TP2_HIT,4049.01,"2026-07-14T22:00:00.000Z",2.49,24.93,"4/4 (1H Displacement + 5M Bearish FVG + DXY Inverse + London/NY)"
SUPREME,608,"2026-07-15T16:20:00.000Z",BUY,4028.88,4027.29,4031.27,4034.45,16,TP1_THEN_BREAKEVEN,4028.88,"2026-07-15T16:30:00.000Z",0.74,7.43,"4/4 (1H Displacement + 5M Bullish FVG + DXY Inverse + London/NY)"
SUPREME,609,"2026-07-16T02:10:00.000Z",BUY,4029.08,4024.58,4035.83,4044.83,45,FULL_STOP_LOSS,4024.58,"2026-07-16T02:35:00.000Z",-1.01,-10.07,"4/4 (1H Displacement + 5M Bullish FVG + DXY Inverse + London/NY)"
SUPREME,610,"2026-07-16T11:20:00.000Z",BUY,4022.45,4020.8,4024.92,4028.22,16,FULL_STOP_LOSS,4020.8,"2026-07-16T11:25:00.000Z",-1.01,-10.07,"4/4 (1H Displacement + 5M Bullish FVG + DXY Inverse + London/NY)"
SUPREME,611,"2026-07-16T12:15:00.000Z",BUY,4027.1,4022.66,4033.76,4042.64,44,FULL_STOP_LOSS,4022.66,"2026-07-16T12:20:00.000Z",-1.01,-10.07,"4/4 (1H Displacement + 5M Bullish FVG + DXY Inverse + London/NY)"
SUPREME,612,"2026-07-17T11:55:00.000Z",SELL,3996.01,3998.08,3992.91,3988.77,21,TP1_AND_TP2_HIT,3988.77,"2026-07-17T12:05:00.000Z",2.49,24.93,"4/4 (1H Displacement + 5M Bearish FVG + DXY Inverse + London/NY)"
SUPREME,613,"2026-07-17T19:25:00.000Z",BUY,3998.42,3996.92,4000.67,4003.67,15,TP1_AND_TP2_HIT,4003.67,"2026-07-17T19:40:00.000Z",2.49,24.93,"4/4 (1H Displacement + 5M Bullish FVG + DXY Inverse + London/NY)"
SUPREME,614,"2026-07-17T20:00:00.000Z",SELL,4009.92,4012.62,4005.87,4000.47,27,TP1_THEN_BREAKEVEN,4009.92,"2026-07-17T20:50:00.000Z",0.74,7.43,"4/4 (1H Displacement + 5M Bearish FVG + DXY Inverse + London/NY)"
SUPREME,615,"2026-07-18T23:55:00.000Z",SELL,4011.7,4015.49,4006.01,3998.43,38,SL_HIT,4015.49,"2026-07-18T23:55:00.000Z",-1.01,-10.07,"4/4 (1H Displacement + 5M Bearish FVG + DXY Inverse + London/NY)"
SCALP,15,"2026-07-19T08:50:00.000Z",BUY,4010.3,4007.82,4012.01,4012.01,25,SL_HIT,4007.82,"2026-07-19T10:20:00.000Z",-1.01,-5.07,"3/4 (Asian Low Sweep + 1M Rejection + Mid TP)"
SCALP,16,"2026-07-20T02:10:00.000Z",BUY,4005.69,4002.27,4007.09,4007.09,34,SL_HIT,4002.27,"2026-07-20T02:15:00.000Z",-1.01,-5.07,"3/4 (Asian Low Sweep + 1M Rejection + Mid TP)"
SUPREME,616,"2026-07-20T12:05:00.000Z",BUY,4012.03,4010.53,4014.28,4017.28,15,FULL_STOP_LOSS,4010.53,"2026-07-20T12:10:00.000Z",-1.01,-10.07,"4/4 (1H Displacement + 5M Bullish FVG + DXY Inverse + London/NY)"
SUPREME,618,"2026-07-21T12:25:00.000Z",SELL,4060.18,4062.74,4056.34,4051.22,26,TP1_AND_TP2_HIT,4051.22,"2026-07-21T12:35:00.000Z",2.49,24.93,"4/4 (1H Displacement + 5M Bearish FVG + DXY Inverse + London/NY)"
SUPREME,617,"2026-07-21T15:20:00.000Z",SELL,4070.9,4073.27,4067.35,4062.61,24,FULL_STOP_LOSS,4073.27,"2026-07-21T15:30:00.000Z",-1.01,-10.07,"4/4 (1H Displacement + 5M Bearish FVG + DXY Inverse + London/NY)"
SUPREME,619,"2026-07-21T18:25:00.000Z",SELL,4073.91,4075.41,4071.66,4068.66,15,FULL_STOP_LOSS,4075.41,"2026-07-21T18:30:00.000Z",-1.01,-10.07,"4/4 (1H Displacement + 5M Bearish FVG + DXY Inverse + London/NY)"
SUPREME,620,"2026-07-22T22:05:00.000Z",BUY,4116.48,4114.72,4119.12,4122.64,18,TP1_AND_TP2_HIT,4122.64,"2026-07-22T22:25:00.000Z",2.49,24.93,"4/4 (1H Displacement + 5M Bullish FVG + DXY Inverse + London/NY)"
SUPREME,621,"2026-07-23T19:35:00.000Z",SELL,4044.51,4049.01,4037.76,4028.76,45,TP1_AND_TP2_HIT,4028.76,"2026-07-24T02:50:00.000Z",2.49,24.93,"4/4 (1H Displacement + 5M Bearish FVG + DXY Inverse + London/NY)"
SUPREME,622,"2026-07-24T13:10:00.000Z",BUY,4041.15,4039.65,4043.4,4046.4,15,FULL_STOP_LOSS,4039.65,"2026-07-24T13:30:00.000Z",-1.01,-10.07,"4/4 (1H Displacement + 5M Bullish FVG + DXY Inverse + London/NY)"
SUPREME,623,"2026-07-24T17:15:00.000Z",BUY,4059.69,4055.32,4066.24,4074.98,44,FULL_STOP_LOSS,4055.32,"2026-07-24T18:20:00.000Z",-1.01,-10.07,"4/4 (1H Displacement + 5M Bullish FVG + DXY Inverse + London/NY)"
SCALP,17,"2026-07-25T19:20:00.000Z",SELL,4054.26,4057.35,4053.84,4053.84,31,TP_EQUILIBRIUM,4053.84,"2026-07-25T20:25:00.000Z",1.19,5.93,"3/4 (Asian High Sweep + 1M Rejection + Mid TP)"
SUPREME,624,"2026-07-27T10:15:00.000Z",BUY,4086.1,4084.47,4088.55,4091.81,16,TP1_AND_TP2_HIT,4091.81,"2026-07-27T10:35:00.000Z",2.49,24.93,"4/4 (1H Displacement + 5M Bullish FVG + DXY Inverse + London/NY)"
SUPREME,625,"2026-07-27T16:10:00.000Z",SELL,4079.49,4080.99,4077.24,4074.24,15,TP1_THEN_BREAKEVEN,4079.49,"2026-07-27T16:25:00.000Z",0.74,7.43,"4/4 (1H Displacement + 5M Bearish FVG + DXY Inverse + London/NY)"
SUPREME,626,"2026-07-27T19:25:00.000Z",SELL,4080.58,4085.08,4073.83,4064.83,45,FULL_STOP_LOSS,4085.08,"2026-07-27T19:50:00.000Z",-1.01,-10.07,"4/4 (1H Displacement + 5M Bearish FVG + DXY Inverse + London/NY)"
SUPREME,628,"2026-07-28T13:00:00.000Z",BUY,4026.35,4024.4,4029.27,4033.17,19,TP1_THEN_BREAKEVEN,4026.35,"2026-07-28T13:25:00.000Z",0.74,7.43,"4/4 (1H Displacement + 5M Bullish FVG + DXY Inverse + London/NY)"
SUPREME,627,"2026-07-28T15:55:00.000Z",SELL,4042.9,4045.95,4038.33,4032.23,30,TP1_AND_TP2_HIT,4032.23,"2026-07-28T17:30:00.000Z",2.49,24.93,"4/4 (1H Displacement + 5M Bearish FVG + DXY Inverse + London/NY)"
SUPREME,629,"2026-07-28T18:35:00.000Z",BUY,4022.04,4019.97,4025.15,4029.29,21,FULL_STOP_LOSS,4019.97,"2026-07-28T19:25:00.000Z",-1.01,-10.07,"4/4 (1H Displacement + 5M Bullish FVG + DXY Inverse + London/NY)"
SUPREME,630,"2026-07-29T02:45:00.000Z",SELL,4031.03,4035.53,4024.28,4015.28,45,TP1_THEN_BREAKEVEN,4031.03,"2026-07-29T05:40:00.000Z",0.74,7.43,"4/4 (1H Displacement + 5M Bearish FVG + DXY Inverse + London/NY)"
SUPREME,632,"2026-07-29T17:00:00.000Z",SELL,4025.86,4029.95,4019.73,4011.55,41,FULL_STOP_LOSS,4029.95,"2026-07-29T17:05:00.000Z",-1.01,-10.07,"4/4 (1H Displacement + 5M Bearish FVG + DXY Inverse + London/NY)"
SUPREME,631,"2026-07-29T17:15:00.000Z",SELL,4038.94,4042.7,4033.3,4025.78,38,FULL_STOP_LOSS,4042.7,"2026-07-29T17:20:00.000Z",-1.01,-10.07,"4/4 (1H Displacement + 5M Bearish FVG + DXY Inverse + London/NY)"
SUPREME,633,"2026-07-30T20:45:00.000Z",BUY,4099.08,4097.58,4101.33,4104.33,15,FULL_STOP_LOSS,4097.58,"2026-07-30T20:50:00.000Z",-1.01,-10.07,"4/4 (1H Displacement + 5M Bullish FVG + DXY Inverse + London/NY)"
SUPREME,635,"2026-07-31T18:15:00.000Z",BUY,4047.26,4045.76,4049.51,4052.51,15,TP1_THEN_BREAKEVEN,4047.26,"2026-07-31T18:35:00.000Z",0.74,7.43,"4/4 (1H Displacement + 5M Bullish FVG + DXY Inverse + London/NY)"
SUPREME,634,"2026-07-31T19:50:00.000Z",SELL,4055,4058.05,4050.42,4044.32,31,TP1_AND_TP2_HIT,4044.32,"2026-07-31T20:55:00.000Z",2.49,24.93,"4/4 (1H Displacement + 5M Bearish FVG + DXY Inverse + London/NY)"
SUPREME,636,"2026-08-01T19:10:00.000Z",SELL,4042.7,4044.2,4040.45,4037.45,15,FULL_STOP_LOSS,4044.2,"2026-08-01T19:15:00.000Z",-1.01,-10.07,"4/4 (1H Displacement + 5M Bearish FVG + DXY Inverse + London/NY)"
SUPREME,638,"2026-08-03T00:30:00.000Z",BUY,4064.1,4060.1,4070.1,4078.1,40,FULL_STOP_LOSS,4060.1,"2026-08-03T00:35:00.000Z",-1.01,-10.07,"4/4 (1H Displacement + 5M Bullish FVG + DXY Inverse + London/NY)"
SUPREME,637,"2026-08-03T00:45:00.000Z",BUY,4057.26,4055.76,4059.51,4062.51,15,FULL_STOP_LOSS,4055.76,"2026-08-03T00:55:00.000Z",-1.01,-10.07,"4/4 (1H Displacement + 5M Bullish FVG + DXY Inverse + London/NY)"
SUPREME,639,"2026-08-03T12:25:00.000Z",BUY,4051.97,4047.77,4058.27,4066.67,42,FULL_STOP_LOSS,4047.77,"2026-08-03T12:35:00.000Z",-1.01,-10.07,"4/4 (1H Displacement + 5M Bullish FVG + DXY Inverse + London/NY)"
SUPREME,640,"2026-08-03T16:00:00.000Z",BUY,4037.56,4036.04,4039.84,4042.88,15,FULL_STOP_LOSS,4036.04,"2026-08-03T16:05:00.000Z",-1.01,-10.07,"4/4 (1H Displacement + 5M Bullish FVG + DXY Inverse + London/NY)"
SUPREME,641,"2026-08-04T11:45:00.000Z",SELL,4065.51,4067.01,4063.26,4060.26,15,FULL_STOP_LOSS,4067.01,"2026-08-04T11:50:00.000Z",-1.01,-10.07,"4/4 (1H Displacement + 5M Bearish FVG + DXY Inverse + London/NY)"
SUPREME,642,"2026-08-04T18:45:00.000Z",BUY,4073.31,4071.81,4075.56,4078.56,15,TP1_AND_TP2_HIT,4078.56,"2026-08-04T19:10:00.000Z",2.49,24.93,"4/4 (1H Displacement + 5M Bullish FVG + DXY Inverse + London/NY)"
SUPREME,643,"2026-08-05T11:15:00.000Z",SELL,4163.53,4165.03,4161.28,4158.28,15,FULL_STOP_LOSS,4165.03,"2026-08-05T11:20:00.000Z",-1.01,-10.07,"4/4 (1H Displacement + 5M Bearish FVG + DXY Inverse + London/NY)"
SUPREME,644,"2026-08-05T23:15:00.000Z",SELL,4250.19,4254.69,4243.44,4234.44,45,FULL_STOP_LOSS,4254.69,"2026-08-05T23:20:00.000Z",-1.01,-10.07,"4/4 (1H Displacement + 5M Bearish FVG + DXY Inverse + London/NY)"
SUPREME,645,"2026-08-06T11:55:00.000Z",BUY,4252.73,4250.21,4256.51,4261.55,25,TP1_THEN_BREAKEVEN,4252.73,"2026-08-06T12:10:00.000Z",0.74,7.43,"4/4 (1H Displacement + 5M Bullish FVG + DXY Inverse + London/NY)"
SUPREME,646,"2026-08-06T13:45:00.000Z",SELL,4265.47,4269.03,4260.13,4253.01,36,TP1_THEN_BREAKEVEN,4265.47,"2026-08-06T14:00:00.000Z",0.74,7.43,"4/4 (1H Displacement + 5M Bearish FVG + DXY Inverse + London/NY)"
SUPREME,647,"2026-08-07T12:30:00.000Z",BUY,4303.22,4298.72,4309.97,4318.97,45,TP1_AND_TP2_HIT,4318.97,"2026-08-07T12:40:00.000Z",2.49,24.93,"4/4 (1H Displacement + 5M Bullish FVG + DXY Inverse + London/NY)"
SUPREME,648,"2026-08-08T10:50:00.000Z",BUY,4339.08,4337.5,4341.45,4344.61,16,TP1_THEN_BREAKEVEN,4339.08,"2026-08-08T12:00:00.000Z",0.74,7.43,"4/4 (1H Displacement + 5M Bullish FVG + DXY Inverse + London/NY)"
SUPREME,649,"2026-08-08T16:10:00.000Z",BUY,4341.75,4340.25,4344,4347,15,TP1_AND_TP2_HIT,4347,"2026-08-08T23:05:00.000Z",2.49,24.93,"4/4 (1H Displacement + 5M Bullish FVG + DXY Inverse + London/NY)"
SCALP,18,"2026-08-09T00:45:00.000Z",SELL,4344.71,4347.21,4342.52,4342.52,25,SL_HIT,4347.21,"2026-08-09T02:55:00.000Z",-1.01,-5.07,"3/4 (Asian High Sweep + 1M Rejection + Mid TP)"
SUPREME,651,"2026-08-09T19:55:00.000Z",SELL,4356.73,4358.49,4354.09,4350.57,18,FULL_STOP_LOSS,4358.49,"2026-08-09T20:40:00.000Z",-1.01,-10.07,"4/4 (1H Displacement + 5M Bearish FVG + DXY Inverse + London/NY)"
SCALP,19,"2026-08-09T20:10:00.000Z",SELL,4355.91,4359.24,4354.36,4354.36,33,SL_HIT,4359.24,"2026-08-09T20:40:00.000Z",-1.01,-5.07,"3/4 (Asian High Sweep + 1M Rejection + Mid TP)"
SUPREME,650,"2026-08-09T21:35:00.000Z",BUY,4347.59,4346.09,4349.84,4352.84,15,TP1_THEN_BREAKEVEN,4347.59,"2026-08-09T21:55:00.000Z",0.74,7.43,"4/4 (1H Displacement + 5M Bullish FVG + DXY Inverse + London/NY)"
SUPREME,653,"2026-08-10T14:25:00.000Z",SELL,4333.66,4336.22,4329.82,4324.7,26,FULL_STOP_LOSS,4336.22,"2026-08-10T14:30:00.000Z",-1.01,-10.07,"4/4 (1H Displacement + 5M Bearish FVG + DXY Inverse + London/NY)"
SUPREME,652,"2026-08-10T15:55:00.000Z",SELL,4351.48,4352.98,4349.23,4346.23,15,FULL_STOP_LOSS,4352.98,"2026-08-10T16:00:00.000Z",-1.01,-10.07,"4/4 (1H Displacement + 5M Bearish FVG + DXY Inverse + London/NY)"
SUPREME,654,"2026-08-11T15:35:00.000Z",BUY,4375.33,4373.83,4377.58,4380.58,15,FULL_STOP_LOSS,4373.83,"2026-08-11T15:40:00.000Z",-1.01,-10.07,"4/4 (1H Displacement + 5M Bullish FVG + DXY Inverse + London/NY)"
SUPREME,655,"2026-08-12T00:25:00.000Z",SELL,4378.52,4381.02,4374.77,4369.77,25,FULL_STOP_LOSS,4381.02,"2026-08-12T00:30:00.000Z",-1.01,-10.07,"4/4 (1H Displacement + 5M Bearish FVG + DXY Inverse + London/NY)"
SUPREME,656,"2026-08-12T12:15:00.000Z",BUY,4407.5,4403,4414.25,4423.25,45,TP1_THEN_BREAKEVEN,4407.5,"2026-08-12T12:30:00.000Z",0.74,7.43,"4/4 (1H Displacement + 5M Bullish FVG + DXY Inverse + London/NY)"
SUPREME,657,"2026-08-12T13:35:00.000Z",BUY,4407.36,4405.86,4409.61,4412.61,15,FULL_STOP_LOSS,4405.86,"2026-08-12T13:40:00.000Z",-1.01,-10.07,"4/4 (1H Displacement + 5M Bullish FVG + DXY Inverse + London/NY)"
SUPREME,658,"2026-08-12T16:05:00.000Z",SELL,4414.23,4418.73,4407.48,4398.48,45,FULL_STOP_LOSS,4418.73,"2026-08-12T16:15:00.000Z",-1.01,-10.07,"4/4 (1H Displacement + 5M Bearish FVG + DXY Inverse + London/NY)"
SUPREME,659,"2026-08-13T14:10:00.000Z",BUY,4369.81,4366.54,4374.72,4381.26,33,TP1_THEN_BREAKEVEN,4369.81,"2026-08-13T14:25:00.000Z",0.74,7.43,"4/4 (1H Displacement + 5M Bullish FVG + DXY Inverse + London/NY)"
SUPREME,660,"2026-08-13T22:40:00.000Z",SELL,4359.59,4361.91,4356.11,4351.47,23,TP1_AND_TP2_HIT,4351.47,"2026-08-13T23:00:00.000Z",2.49,24.93,"4/4 (1H Displacement + 5M Bearish FVG + DXY Inverse + London/NY)"
SUPREME,661,"2026-08-14T11:00:00.000Z",BUY,4352.05,4350.55,4354.3,4357.3,15,TP1_AND_TP2_HIT,4357.3,"2026-08-14T11:20:00.000Z",2.49,24.93,"4/4 (1H Displacement + 5M Bullish FVG + DXY Inverse + London/NY)"
SUPREME,662,"2026-08-14T21:45:00.000Z",SELL,4378.9,4381.51,4374.98,4369.76,26,FULL_STOP_LOSS,4381.51,"2026-08-15T00:00:00.000Z",-1.01,-10.07,"4/4 (1H Displacement + 5M Bearish FVG + DXY Inverse + London/NY)"
SCALP,20,"2026-08-15T22:05:00.000Z",SELL,4377.14,4380.34,4377.08,4377.08,32,TP_EQUILIBRIUM,4377.08,"2026-08-15T22:10:00.000Z",1.19,5.93,"3/4 (Asian High Sweep + 1M Rejection + Mid TP)"
SCALP,21,"2026-08-16T20:40:00.000Z",BUY,4376.03,4373.2,4377.7,4377.7,28,SL_HIT,4373.2,"2026-08-16T21:20:00.000Z",-1.01,-5.07,"3/4 (Asian Low Sweep + 1M Rejection + Mid TP)"
SUPREME,663,"2026-08-16T22:05:00.000Z",SELL,4370.84,4375.34,4364.09,4355.09,45,FULL_STOP_LOSS,4375.34,"2026-08-16T22:10:00.000Z",-1.01,-10.07,"4/4 (1H Displacement + 5M Bearish FVG + DXY Inverse + London/NY)"
SUPREME,664,"2026-08-17T10:30:00.000Z",SELL,4403.15,4404.65,4400.9,4397.9,15,TP1_AND_TP2_HIT,4397.9,"2026-08-17T10:40:00.000Z",2.49,24.93,"4/4 (1H Displacement + 5M Bearish FVG + DXY Inverse + London/NY)"
SUPREME,665,"2026-08-17T13:55:00.000Z",SELL,4399.12,4402.51,4394.03,4387.25,34,FULL_STOP_LOSS,4402.51,"2026-08-17T14:00:00.000Z",-1.01,-10.07,"4/4 (1H Displacement + 5M Bearish FVG + DXY Inverse + London/NY)"
SUPREME,666,"2026-08-18T00:05:00.000Z",SELL,4419.24,4421.89,4415.26,4409.96,27,TP1_THEN_BREAKEVEN,4419.24,"2026-08-18T00:15:00.000Z",0.74,7.43,"4/4 (1H Displacement + 5M Bearish FVG + DXY Inverse + London/NY)"
SUPREME,667,"2026-08-18T10:50:00.000Z",SELL,4396.44,4398.8,4392.9,4388.18,24,TP1_AND_TP2_HIT,4388.18,"2026-08-18T11:25:00.000Z",2.49,24.93,"4/4 (1H Displacement + 5M Bearish FVG + DXY Inverse + London/NY)"
SUPREME,668,"2026-08-19T02:20:00.000Z",SELL,4357.86,4359.36,4355.61,4352.61,15,FULL_STOP_LOSS,4359.36,"2026-08-19T02:25:00.000Z",-1.01,-10.07,"4/4 (1H Displacement + 5M Bearish FVG + DXY Inverse + London/NY)"
SUPREME,669,"2026-08-19T17:15:00.000Z",BUY,4481.44,4479.37,4484.54,4488.68,21,FULL_STOP_LOSS,4479.37,"2026-08-19T17:20:00.000Z",-1.01,-10.07,"4/4 (1H Displacement + 5M Bullish FVG + DXY Inverse + London/NY)"
SUPREME,670,"2026-08-20T13:50:00.000Z",SELL,4473.75,4478.25,4467,4458,45,FULL_STOP_LOSS,4478.25,"2026-08-20T14:00:00.000Z",-1.01,-10.07,"4/4 (1H Displacement + 5M Bearish FVG + DXY Inverse + London/NY)"
SUPREME,671,"2026-08-20T21:45:00.000Z",BUY,4506.39,4503.16,4511.24,4517.7,32,TP1_AND_TP2_HIT,4517.7,"2026-08-20T23:10:00.000Z",2.49,24.93,"4/4 (1H Displacement + 5M Bullish FVG + DXY Inverse + London/NY)"
SUPREME,672,"2026-08-21T12:20:00.000Z",BUY,4577.77,4576.27,4580.02,4583.02,15,FULL_STOP_LOSS,4576.27,"2026-08-21T12:25:00.000Z",-1.01,-10.07,"4/4 (1H Displacement + 5M Bullish FVG + DXY Inverse + London/NY)"
SUPREME,673,"2026-08-22T02:50:00.000Z",BUY,4590.53,4587,4595.82,4602.88,35,SL_HIT,4587,"2026-08-22T02:50:00.000Z",-1.01,-10.07,"4/4 (1H Displacement + 5M Bullish FVG + DXY Inverse + London/NY)"
SCALP,22,"2026-08-23T04:25:00.000Z",SELL,4588.86,4591.44,4586.93,4586.93,26,TP_EQUILIBRIUM,4586.93,"2026-08-23T05:15:00.000Z",1.19,5.93,"3/4 (Asian High Sweep + 1M Rejection + Mid TP)"
SUPREME,674,"2026-08-23T16:05:00.000Z",SELL,4604.53,4606.03,4602.28,4599.28,15,TP1_THEN_BREAKEVEN,4604.53,"2026-08-23T16:50:00.000Z",0.74,7.43,"4/4 (1H Displacement + 5M Bearish FVG + DXY Inverse + London/NY)"
SUPREME,675,"2026-08-24T12:35:00.000Z",BUY,4649.07,4644.57,4655.82,4664.82,45,TP1_THEN_BREAKEVEN,4649.07,"2026-08-24T12:45:00.000Z",0.74,7.43,"4/4 (1H Displacement + 5M Bullish FVG + DXY Inverse + London/NY)"
SUPREME,676,"2026-08-24T23:20:00.000Z",SELL,4667.14,4669.58,4663.48,4658.6,24,TP1_THEN_BREAKEVEN,4667.14,"2026-08-24T23:35:00.000Z",0.74,7.43,"4/4 (1H Displacement + 5M Bearish FVG + DXY Inverse + London/NY)"
SUPREME,677,"2026-08-25T02:45:00.000Z",BUY,4625.84,4624.34,4628.09,4631.09,15,FULL_STOP_LOSS,4624.34,"2026-08-25T02:50:00.000Z",-1.01,-10.07,"4/4 (1H Displacement + 5M Bullish FVG + DXY Inverse + London/NY)"
SUPREME,678,"2026-08-25T09:50:00.000Z",SELL,4631.42,4633.38,4628.48,4624.56,20,TP1_THEN_BREAKEVEN,4631.42,"2026-08-25T10:40:00.000Z",0.74,7.43,"4/4 (1H Displacement + 5M Bearish FVG + DXY Inverse + London/NY)"
SUPREME,679,"2026-08-25T12:05:00.000Z",BUY,4630.01,4628.51,4632.26,4635.26,15,TP1_THEN_BREAKEVEN,4630.01,"2026-08-25T12:15:00.000Z",0.74,7.43,"4/4 (1H Displacement + 5M Bullish FVG + DXY Inverse + London/NY)"
SUPREME,680,"2026-08-26T00:40:00.000Z",BUY,4632.54,4630.98,4634.88,4638,16,FULL_STOP_LOSS,4630.98,"2026-08-26T00:45:00.000Z",-1.01,-10.07,"4/4 (1H Displacement + 5M Bullish FVG + DXY Inverse + London/NY)"
SUPREME,681,"2026-08-26T09:05:00.000Z",SELL,4620.44,4624.94,4613.69,4604.69,45,TP1_THEN_BREAKEVEN,4620.44,"2026-08-26T12:00:00.000Z",0.74,7.43,"4/4 (1H Displacement + 5M Bearish FVG + DXY Inverse + London/NY)"
SUPREME,682,"2026-08-26T13:05:00.000Z",SELL,4607.9,4612.4,4601.15,4592.15,45,TP1_THEN_BREAKEVEN,4607.9,"2026-08-26T13:20:00.000Z",0.74,7.43,"4/4 (1H Displacement + 5M Bearish FVG + DXY Inverse + London/NY)"
SUPREME,683,"2026-08-26T23:20:00.000Z",SELL,4613.31,4615.03,4610.73,4607.29,17,FULL_STOP_LOSS,4615.03,"2026-08-26T23:25:00.000Z",-1.01,-10.07,"4/4 (1H Displacement + 5M Bearish FVG + DXY Inverse + London/NY)"
SUPREME,684,"2026-08-27T12:05:00.000Z",SELL,4592.81,4597.31,4586.06,4577.06,45,TP1_AND_TP2_HIT,4577.06,"2026-08-27T12:50:00.000Z",2.49,24.93,"4/4 (1H Displacement + 5M Bearish FVG + DXY Inverse + London/NY)"
SUPREME,685,"2026-08-27T14:45:00.000Z",SELL,4588.46,4591.73,4583.56,4577.02,33,TP1_THEN_BREAKEVEN,4588.46,"2026-08-27T15:00:00.000Z",0.74,7.43,"4/4 (1H Displacement + 5M Bearish FVG + DXY Inverse + London/NY)"
SUPREME,686,"2026-08-28T01:30:00.000Z",BUY,4579.47,4574.97,4586.22,4595.22,45,FULL_STOP_LOSS,4574.97,"2026-08-28T01:35:00.000Z",-1.01,-10.07,"4/4 (1H Displacement + 5M Bullish FVG + DXY Inverse + London/NY)"
SUPREME,687,"2026-08-28T12:30:00.000Z",SELL,4595,4596.5,4592.75,4589.75,15,TP1_AND_TP2_HIT,4589.75,"2026-08-28T12:40:00.000Z",2.49,24.93,"4/4 (1H Displacement + 5M Bearish FVG + DXY Inverse + London/NY)"
SUPREME,688,"2026-08-28T15:05:00.000Z",SELL,4574.92,4579.42,4568.17,4559.17,45,TP1_AND_TP2_HIT,4559.17,"2026-08-28T15:15:00.000Z",2.49,24.93,"4/4 (1H Displacement + 5M Bearish FVG + DXY Inverse + London/NY)"
SUPREME,689,"2026-08-29T10:10:00.000Z",BUY,4457.16,4455.66,4459.41,4462.41,15,FULL_STOP_LOSS,4455.66,"2026-08-29T10:30:00.000Z",-1.01,-10.07,"4/4 (1H Displacement + 5M Bullish FVG + DXY Inverse + London/NY)"
SUPREME,690,"2026-08-30T15:15:00.000Z",BUY,4465.79,4464.29,4468.04,4471.04,15,TP1_AND_TP2_HIT,4471.04,"2026-08-30T15:45:00.000Z",2.49,24.93,"4/4 (1H Displacement + 5M Bullish FVG + DXY Inverse + London/NY)"
SUPREME,691,"2026-08-31T12:50:00.000Z",BUY,4438.92,4435.84,4443.54,4449.7,31,FULL_STOP_LOSS,4435.84,"2026-08-31T13:00:00.000Z",-1.01,-10.07,"4/4 (1H Displacement + 5M Bullish FVG + DXY Inverse + London/NY)"
SUPREME,692,"2026-09-01T02:50:00.000Z",BUY,4437.9,4433.4,4444.65,4453.65,45,TP1_THEN_BREAKEVEN,4437.9,"2026-09-01T03:20:00.000Z",0.74,7.43,"4/4 (1H Displacement + 5M Bullish FVG + DXY Inverse + London/NY)"
SUPREME,693,"2026-09-02T11:35:00.000Z",SELL,4340.6,4342.1,4338.35,4335.35,15,FULL_STOP_LOSS,4342.1,"2026-09-02T11:40:00.000Z",-1.01,-10.07,"4/4 (1H Displacement + 5M Bearish FVG + DXY Inverse + London/NY)"
SUPREME,694,"2026-09-03T10:20:00.000Z",BUY,4428.87,4427.37,4431.12,4434.12,15,FULL_STOP_LOSS,4427.37,"2026-09-03T10:25:00.000Z",-1.01,-10.07,"4/4 (1H Displacement + 5M Bullish FVG + DXY Inverse + London/NY)"
SUPREME,695,"2026-09-03T19:15:00.000Z",BUY,4475.55,4471.42,4481.75,4490.01,41,TP1_THEN_BREAKEVEN,4475.55,"2026-09-03T19:55:00.000Z",0.74,7.43,"4/4 (1H Displacement + 5M Bullish FVG + DXY Inverse + London/NY)"
SUPREME,696,"2026-09-04T19:35:00.000Z",SELL,4437.58,4439.08,4435.33,4432.33,15,TP1_AND_TP2_HIT,4432.33,"2026-09-04T20:05:00.000Z",2.49,24.93,"4/4 (1H Displacement + 5M Bearish FVG + DXY Inverse + London/NY)"
SUPREME,697,"2026-09-05T10:10:00.000Z",SELL,4434.32,4435.82,4432.07,4429.07,15,TP1_AND_TP2_HIT,4429.07,"2026-09-05T14:35:00.000Z",2.49,24.93,"4/4 (1H Displacement + 5M Bearish FVG + DXY Inverse + London/NY)"
SUPREME,698,"2026-09-05T15:45:00.000Z",SELL,4432.12,4434.5,4428.55,4423.79,24,FULL_STOP_LOSS,4434.5,"2026-09-05T16:50:00.000Z",-1.01,-10.07,"4/4 (1H Displacement + 5M Bearish FVG + DXY Inverse + London/NY)"
SCALP,23,"2026-09-05T21:50:00.000Z",SELL,4433.83,4436.48,4431.6,4431.6,26,TP_EQUILIBRIUM,4431.6,"2026-09-06T01:10:00.000Z",1.19,5.93,"3/4 (Asian High Sweep + 1M Rejection + Mid TP)"
SUPREME,700,"2026-09-06T15:00:00.000Z",BUY,4427.51,4425.73,4430.18,4433.74,18,FULL_STOP_LOSS,4425.73,"2026-09-06T15:05:00.000Z",-1.01,-10.07,"4/4 (1H Displacement + 5M Bullish FVG + DXY Inverse + London/NY)"
SUPREME,699,"2026-09-06T16:35:00.000Z",BUY,4425.07,4423.38,4427.6,4430.98,17,FULL_STOP_LOSS,4423.38,"2026-09-06T17:10:00.000Z",-1.01,-10.07,"4/4 (1H Displacement + 5M Bullish FVG + DXY Inverse + London/NY)"
SUPREME,701,"2026-09-06T18:10:00.000Z",SELL,4425.14,4427.06,4422.26,4418.42,19,FULL_STOP_LOSS,4427.06,"2026-09-06T18:15:00.000Z",-1.01,-10.07,"4/4 (1H Displacement + 5M Bearish FVG + DXY Inverse + London/NY)"
SUPREME,702,"2026-09-07T10:30:00.000Z",BUY,4397.66,4394.5,4402.4,4408.72,32,FULL_STOP_LOSS,4394.5,"2026-09-07T10:35:00.000Z",-1.01,-10.07,"4/4 (1H Displacement + 5M Bullish FVG + DXY Inverse + London/NY)"
SUPREME,703,"2026-09-07T13:25:00.000Z",SELL,4404.4,4406.58,4401.13,4396.77,22,FULL_STOP_LOSS,4406.58,"2026-09-07T13:30:00.000Z",-1.01,-10.07,"4/4 (1H Displacement + 5M Bearish FVG + DXY Inverse + London/NY)"
SUPREME,704,"2026-09-07T21:25:00.000Z",SELL,4414.7,4416.2,4412.45,4409.45,15,FULL_STOP_LOSS,4416.2,"2026-09-07T21:40:00.000Z",-1.01,-10.07,"4/4 (1H Displacement + 5M Bearish FVG + DXY Inverse + London/NY)"
SUPREME,705,"2026-09-08T11:10:00.000Z",BUY,4398.45,4393.95,4405.2,4414.2,45,TP1_THEN_BREAKEVEN,4398.45,"2026-09-08T12:10:00.000Z",0.74,7.43,"4/4 (1H Displacement + 5M Bullish FVG + DXY Inverse + London/NY)"
SUPREME,706,"2026-09-09T05:40:00.000Z",SELL,4396.02,4397.52,4393.77,4390.77,15,FULL_STOP_LOSS,4397.52,"2026-09-09T05:45:00.000Z",-1.01,-10.07,"4/4 (1H Displacement + 5M Bearish FVG + DXY Inverse + London/NY)"
SUPREME,707,"2026-09-09T11:25:00.000Z",SELL,4408.47,4409.97,4406.22,4403.22,15,FULL_STOP_LOSS,4409.97,"2026-09-09T11:30:00.000Z",-1.01,-10.07,"4/4 (1H Displacement + 5M Bearish FVG + DXY Inverse + London/NY)"
SUPREME,708,"2026-09-09T15:05:00.000Z",BUY,4398.38,4396.19,4401.67,4406.05,22,FULL_STOP_LOSS,4396.19,"2026-09-09T15:10:00.000Z",-1.01,-10.07,"4/4 (1H Displacement + 5M Bullish FVG + DXY Inverse + London/NY)"
SUPREME,709,"2026-09-10T01:10:00.000Z",SELL,4417.26,4418.76,4415.01,4412.01,15,TP1_AND_TP2_HIT,4412.01,"2026-09-10T01:20:00.000Z",2.49,24.93,"4/4 (1H Displacement + 5M Bearish FVG + DXY Inverse + London/NY)"
SUPREME,710,"2026-09-11T06:10:00.000Z",SELL,4361.48,4365.1,4356.05,4348.81,36,TP1_PARTIAL,4356.05,"2026-09-11T06:30:00.000Z",-1.01,-10.07,"4/4 (1H Displacement + 5M Bearish FVG + DXY Inverse + London/NY)"
SUPREME,711,"2026-09-11T12:35:00.000Z",SELL,4335.79,4340.29,4329.04,4320.04,45,FULL_STOP_LOSS,4340.29,"2026-09-11T12:40:00.000Z",-1.01,-10.07,"4/4 (1H Displacement + 5M Bearish FVG + DXY Inverse + London/NY)"
SCALP,24,"2026-09-13T04:25:00.000Z",SELL,4355.8,4358.25,4355.08,4355.08,24,TP_EQUILIBRIUM,4355.08,"2026-09-13T04:30:00.000Z",1.19,5.93,"3/4 (Asian High Sweep + 1M Rejection + Mid TP)"
SUPREME,712,"2026-09-13T16:15:00.000Z",SELL,4354.69,4356.62,4351.79,4347.93,19,FULL_STOP_LOSS,4356.62,"2026-09-13T17:00:00.000Z",-1.01,-10.07,"4/4 (1H Displacement + 5M Bearish FVG + DXY Inverse + London/NY)"
SUPREME,713,"2026-09-13T19:20:00.000Z",BUY,4349.38,4347.88,4351.63,4354.63,15,FULL_STOP_LOSS,4347.88,"2026-09-13T20:20:00.000Z",-1.01,-10.07,"4/4 (1H Displacement + 5M Bullish FVG + DXY Inverse + London/NY)"
SUPREME,714,"2026-09-14T02:00:00.000Z",SELL,4357.74,4359.24,4355.49,4352.49,15,FULL_STOP_LOSS,4359.24,"2026-09-14T02:05:00.000Z",-1.01,-10.07,"4/4 (1H Displacement + 5M Bearish FVG + DXY Inverse + London/NY)"
SUPREME,716,"2026-09-14T15:40:00.000Z",SELL,4305.3,4306.8,4303.05,4300.05,15,TP1_AND_TP2_HIT,4300.05,"2026-09-14T15:50:00.000Z",2.49,24.93,"4/4 (1H Displacement + 5M Bearish FVG + DXY Inverse + London/NY)"
SUPREME,715,"2026-09-14T16:45:00.000Z",SELL,4314.04,4316.99,4309.61,4303.72,29,FULL_STOP_LOSS,4316.99,"2026-09-14T16:50:00.000Z",-1.01,-10.07,"4/4 (1H Displacement + 5M Bearish FVG + DXY Inverse + London/NY)"